id,area,prioridad,estado,detalle,canal_origen,ubicacion,huesped_id,created_at,due_at,accepted_at,started_at,paused_at,finished_at,assigned_to,created_by,confidence_score,qr_required
1,MANTENCION,ALTA,RESUELTO,Sin aire acondicionado,huesped_whatsapp,103,,2025-08-23T21:09:24,2025-08-24T01:09:24,2025-08-23T21:32:24,2025-08-23T22:13:24,,2025-08-24T01:09:24,7,5,0.72,0
2,ROOMSERVICE,MEDIA,ASIGNADO,Cena tardía: pasta y ensalada,housekeeping_whatsapp,138,G138,2025-09-09T11:32:24,2025-09-09T12:32:24,,,,,15,6,0.72,0
3,ROOMSERVICE,MEDIA,RESUELTO,Desayuno a la habitación,huesped_whatsapp,111,,2025-08-25T19:01:24,2025-08-25T20:01:24,2025-08-25T19:35:24,2025-08-25T20:18:24,,2025-08-26T00:32:24,18,3,0.83,0
4,MANTENCION,ALTA,PENDIENTE,Enchufe suelto,housekeeping_whatsapp,122,G122,2025-08-26T22:33:24,2025-08-27T02:33:24,,,,,,4,0.8,0
5,ROOMSERVICE,MEDIA,EN_CURSO,"Bebidas frías (2 aguas, 1 gaseosa)",recepcion,120,,2025-09-02T13:48:24,2025-09-02T14:48:24,2025-09-02T14:21:24,2025-09-02T15:14:24,,,12,4,0.7,0
6,ROOMSERVICE,URGENTE,PAUSADO,Sándwich club y jugo natural,recepcion,108,,2025-08-15T08:34:24,2025-08-15T08:54:24,2025-08-15T08:59:24,2025-08-15T09:40:24,2025-08-15T09:50:24,,9,4,0.68,0
7,MANTENCION,URGENTE,EN_CURSO,TV no enciende,huesped_whatsapp,131,,2025-08-02T09:31:24,2025-08-02T11:01:24,2025-08-02T10:19:24,2025-08-02T10:51:24,,,19,5,0.98,0
8,ROOMSERVICE,ALTA,DERIVADO,Tabla de quesos con vino,housekeeping_whatsapp,129,,2025-08-28T11:05:24,2025-08-28T11:35:24,,,,,12,3,0.73,0
9,ROOMSERVICE,MEDIA,PAUSADO,Pedido de hamburguesa y papas,recepcion,104,G104,2025-07-21T05:25:24,2025-07-21T06:25:24,2025-07-21T06:07:24,2025-07-21T06:27:24,2025-07-21T06:49:24,,9,5,0.88,0
10,MANTENCION,ALTA,RESUELTO,Ventana no cierra bien,mantenimiento_app,116,,2025-08-24T10:02:24,2025-08-24T14:02:24,2025-08-24T10:18:24,2025-08-24T11:05:24,,2025-08-24T15:00:24,7,4,0.77,0
11,ROOMSERVICE,BAJA,DERIVADO,Desayuno a la habitación,recepcion,126,,2025-07-28T07:30:24,2025-07-28T09:00:24,,,,,12,4,0.71,0
12,HOUSEKEEPING,BAJA,EN_CURSO,Reponer amenities,mantenimiento_app,136,G136,2025-09-15T17:25:24,2025-09-15T23:25:24,2025-09-15T18:23:24,2025-09-15T19:22:24,,,8,3,0.73,0
13,HOUSEKEEPING,BAJA,EN_CURSO,Toallas adicionales,huesped_whatsapp,125,G125,2025-08-22T21:41:24,2025-08-23T03:41:24,2025-08-22T22:09:24,2025-08-22T22:41:24,,,17,5,0.89,0
14,ROOMSERVICE,ALTA,EN_CURSO,Cena tardía: pasta y ensalada,housekeeping_whatsapp,114,,2025-09-09T02:02:24,2025-09-09T02:32:24,2025-09-09T02:32:24,2025-09-09T02:40:24,,,24,3,0.67,0
15,ROOMSERVICE,BAJA,RESUELTO,Desayuno a la habitación,huesped_whatsapp,105,,2025-08-08T18:36:24,2025-08-08T20:06:24,2025-08-08T19:22:24,2025-08-08T19:42:24,,2025-08-09T00:53:24,9,6,0.85,0
16,HOUSEKEEPING,ALTA,EN_CURSO,Reposición de papel higiénico,housekeeping_whatsapp,114,,2025-08-15T23:08:24,2025-08-16T00:38:24,2025-08-15T23:43:24,2025-08-15T23:56:24,,,14,4,0.88,0
17,HOUSEKEEPING,URGENTE,RESUELTO,Toallas adicionales,mantenimiento_app,137,,2025-07-25T00:50:24,2025-07-25T01:35:24,2025-07-25T01:16:24,2025-07-25T01:29:24,,2025-07-25T04:42:24,20,4,0.95,0
18,HOUSEKEEPING,MEDIA,EN_CURSO,Plancha solicitada,housekeeping_whatsapp,134,G134,2025-09-06T20:20:24,2025-09-06T23:20:24,2025-09-06T20:36:24,2025-09-06T20:49:24,,,23,5,0.74,0
19,ROOMSERVICE,MEDIA,ACEPTADO,Pedido de hielo adicional,huesped_whatsapp,122,G122,2025-09-14T02:18:24,2025-09-14T03:18:24,2025-09-14T02:59:24,,,,21,5,0.74,0
20,MANTENCION,BAJA,EN_CURSO,Cerradura no responde,recepcion,101,G101,2025-07-30T06:34:24,2025-07-31T06:34:24,2025-07-30T07:31:24,2025-07-30T08:04:24,,,10,5,0.84,0
21,MANTENCION,BAJA,RESUELTO,TV no enciende,recepcion,124,,2025-07-31T20:18:24,2025-08-01T20:18:24,2025-07-31T20:30:24,2025-07-31T20:54:24,,2025-08-01T00:15:24,10,6,0.96,0
22,MANTENCION,URGENTE,ASIGNADO,Luz parpadea,recepcion,123,,2025-08-24T08:32:24,2025-08-24T10:02:24,,,,,10,4,0.94,0
23,MANTENCION,URGENTE,PENDIENTE,Ruido en aire,mantenimiento_app,116,G116,2025-07-28T04:56:24,2025-07-28T06:26:24,,,,,,6,0.95,0
24,MANTENCION,BAJA,RESUELTO,Ruido en aire,housekeeping_whatsapp,115,G115,2025-08-04T22:41:24,2025-08-05T22:41:24,2025-08-04T23:08:24,2025-08-05T00:08:24,,2025-08-05T00:58:24,13,6,0.98,0
25,ROOMSERVICE,MEDIA,DERIVADO,Sopa caliente y pan,housekeeping_whatsapp,102,G102,2025-08-11T03:25:24,2025-08-11T04:25:24,,,,,21,4,0.98,0
26,MANTENCION,MEDIA,ACEPTADO,Ruido en aire,mantenimiento_app,139,,2025-07-28T21:25:24,2025-07-29T05:25:24,2025-07-28T21:47:24,,,,19,6,0.74,0
27,MANTENCION,MEDIA,RESUELTO,Luz parpadea,housekeeping_whatsapp,128,G128,2025-08-17T10:07:24,2025-08-17T18:07:24,2025-08-17T10:24:24,2025-08-17T11:15:24,,2025-08-17T14:03:24,22,5,0.82,0
28,HOUSEKEEPING,MEDIA,ACEPTADO,Pedido de almohadas extra,huesped_whatsapp,127,,2025-08-21T21:03:24,2025-08-22T00:03:24,2025-08-21T21:49:24,,,,20,4,0.75,0
29,MANTENCION,MEDIA,ASIGNADO,Ventana no cierra bien,housekeeping_whatsapp,130,G130,2025-08-06T19:38:24,2025-08-07T03:38:24,,,,,25,6,0.96,0
30,MANTENCION,ALTA,ACEPTADO,Ventana no cierra bien,housekeeping_whatsapp,106,,2025-08-08T17:52:24,2025-08-08T21:52:24,2025-08-08T18:14:24,,,,10,5,0.7,1
31,HOUSEKEEPING,ALTA,RESUELTO,Cuna para bebé,mantenimiento_app,137,G137,2025-08-22T07:36:24,2025-08-22T09:06:24,2025-08-22T08:01:24,2025-08-22T08:15:24,,2025-08-22T14:05:24,17,6,0.88,0
32,MANTENCION,ALTA,ASIGNADO,Enchufe suelto,mantenimiento_app,104,,2025-07-29T09:54:24,2025-07-29T13:54:24,,,,,10,6,0.92,0
33,ROOMSERVICE,MEDIA,RESUELTO,Sándwich club y jugo natural,mantenimiento_app,136,G136,2025-08-01T20:29:24,2025-08-01T21:29:24,2025-08-01T20:55:24,2025-08-01T21:48:24,,2025-08-02T00:09:24,18,6,0.94,0
34,ROOMSERVICE,MEDIA,ASIGNADO,Sándwich club y jugo natural,recepcion,119,G119,2025-08-17T22:28:24,2025-08-17T23:28:24,,,,,21,5,0.68,1
35,HOUSEKEEPING,ALTA,DERIVADO,Reponer amenities,mantenimiento_app,127,G127,2025-08-29T18:37:24,2025-08-29T20:07:24,,,,,8,6,0.72,0
36,ROOMSERVICE,URGENTE,PENDIENTE,Pedido de hielo adicional,mantenimiento_app,131,G131,2025-08-19T09:13:24,2025-08-19T09:33:24,,,,,,5,0.91,0
37,HOUSEKEEPING,MEDIA,DERIVADO,Batas de baño adicionales,huesped_whatsapp,132,G132,2025-08-27T00:53:24,2025-08-27T03:53:24,,,,,8,6,0.78,0
38,HOUSEKEEPING,ALTA,RESUELTO,Pedido de almohadas extra,recepcion,126,,2025-07-20T20:00:24,2025-07-20T21:30:24,2025-07-20T20:37:24,2025-07-20T20:50:24,,2025-07-21T01:01:24,23,3,0.71,0
39,HOUSEKEEPING,BAJA,ACEPTADO,Kit dental solicitado,housekeeping_whatsapp,127,G127,2025-07-25T19:43:24,2025-07-26T01:43:24,2025-07-25T20:40:24,,,,8,6,0.83,0
40,HOUSEKEEPING,BAJA,PENDIENTE,Toallas adicionales,recepcion,116,G116,2025-07-20T05:19:24,2025-07-20T11:19:24,,,,,,4,0.73,0
41,MANTENCION,MEDIA,ASIGNADO,Cerradura no responde,housekeeping_whatsapp,111,,2025-07-28T19:00:24,2025-07-29T03:00:24,,,,,13,4,0.69,1
42,HOUSEKEEPING,MEDIA,RESUELTO,Kit dental solicitado,mantenimiento_app,113,G113,2025-09-13T11:01:24,2025-09-13T14:01:24,2025-09-13T11:55:24,2025-09-13T12:49:24,,2025-09-13T15:38:24,8,4,0.94,0
43,MANTENCION,ALTA,EN_CURSO,Sin aire acondicionado,housekeeping_whatsapp,135,G135,2025-08-21T02:19:24,2025-08-21T06:19:24,2025-08-21T03:10:24,2025-08-21T03:36:24,,,19,3,0.65,0
44,HOUSEKEEPING,BAJA,RESUELTO,Cuna para bebé,huesped_whatsapp,128,G128,2025-09-03T20:34:24,2025-09-04T02:34:24,2025-09-03T21:18:24,2025-09-03T22:12:24,,2025-09-04T02:34:24,20,5,0.81,0
45,ROOMSERVICE,MEDIA,RESUELTO,Desayuno a la habitación,housekeeping_whatsapp,129,G129,2025-08-29T15:58:24,2025-08-29T16:58:24,2025-08-29T16:09:24,2025-08-29T16:45:24,,2025-08-29T19:46:24,15,6,0.71,0
46,HOUSEKEEPING,MEDIA,RESUELTO,Limpieza adicional,recepcion,134,,2025-07-26T03:49:24,2025-07-26T06:49:24,2025-07-26T04:25:24,2025-07-26T05:01:24,,2025-07-26T10:00:24,23,4,0.91,0
47,ROOMSERVICE,ALTA,EN_CURSO,Pedido de hamburguesa y papas,recepcion,119,G119,2025-08-09T12:18:24,2025-08-09T12:48:24,2025-08-09T13:05:24,2025-08-09T13:33:24,,,24,5,0.81,0
48,HOUSEKEEPING,URGENTE,EN_CURSO,Reposición de papel higiénico,mantenimiento_app,118,G118,2025-08-08T08:25:24,2025-08-08T09:10:24,2025-08-08T08:47:24,2025-08-08T09:12:24,,,23,3,0.69,0
49,ROOMSERVICE,BAJA,ASIGNADO,Sándwich club y jugo natural,housekeeping_whatsapp,138,,2025-09-04T02:53:24,2025-09-04T04:23:24,,,,,9,5,0.93,0
50,HOUSEKEEPING,BAJA,PENDIENTE,Plancha solicitada,huesped_whatsapp,118,G118,2025-07-23T07:54:24,2025-07-23T13:54:24,,,,,,5,0.89,1
51,HOUSEKEEPING,BAJA,PENDIENTE,Limpieza adicional,mantenimiento_app,131,G131,2025-08-04T03:32:24,2025-08-04T09:32:24,,,,,,3,0.74,0
52,MANTENCION,ALTA,EN_CURSO,Fuga de agua en baño,recepcion,110,G110,2025-09-07T14:20:24,2025-09-07T18:20:24,2025-09-07T14:45:24,2025-09-07T14:57:24,,,7,5,0.84,0
53,ROOMSERVICE,ALTA,ASIGNADO,Sopa caliente y pan,mantenimiento_app,129,,2025-08-14T10:22:24,2025-08-14T10:52:24,,,,,15,6,0.84,1
54,ROOMSERVICE,BAJA,RESUELTO,Cena tardía: pasta y ensalada,housekeeping_whatsapp,106,G106,2025-08-03T04:30:24,2025-08-03T06:00:24,2025-08-03T04:40:24,2025-08-03T05:11:24,,2025-08-03T09:16:24,12,3,0.88,0
55,MANTENCION,BAJA,DERIVADO,Baño con poca presión de agua,recepcion,115,,2025-09-13T06:15:24,2025-09-14T06:15:24,,,,,16,4,0.69,0
56,MANTENCION,URGENTE,RESUELTO,Fuga de agua en baño,recepcion,111,,2025-09-10T12:41:24,2025-09-10T14:11:24,2025-09-10T12:58:24,2025-09-10T13:32:24,,2025-09-10T16:22:24,16,5,0.89,0
57,ROOMSERVICE,MEDIA,EN_CURSO,Pedido de hielo adicional,recepcion,128,,2025-09-11T07:37:24,2025-09-11T08:37:24,2025-09-11T07:52:24,2025-09-11T08:11:24,,,9,5,0.98,0
58,ROOMSERVICE,MEDIA,PENDIENTE,Café y té para dos,recepcion,112,G112,2025-09-15T16:02:24,2025-09-15T17:02:24,,,,,,6,0.96,1
59,ROOMSERVICE,MEDIA,RESUELTO,Desayuno a la habitación,mantenimiento_app,123,G123,2025-08-16T14:09:24,2025-08-16T15:09:24,2025-08-16T14:40:24,2025-08-16T15:11:24,,2025-08-16T19:39:24,12,3,0.75,0
60,ROOMSERVICE,BAJA,PENDIENTE,Café y té para dos,housekeeping_whatsapp,108,,2025-08-24T03:44:24,2025-08-24T05:14:24,,,,,,3,0.87,0
61,HOUSEKEEPING,BAJA,EN_CURSO,Batas de baño adicionales,mantenimiento_app,129,,2025-08-05T21:28:24,2025-08-06T03:28:24,2025-08-05T21:46:24,2025-08-05T22:09:24,,,20,5,0.8,0
62,MANTENCION,BAJA,PAUSADO,Luz parpadea,huesped_whatsapp,120,,2025-09-06T15:12:24,2025-09-07T15:12:24,2025-09-06T15:36:24,2025-09-06T16:34:24,2025-09-06T16:46:24,,7,6,0.81,1
63,MANTENCION,MEDIA,DERIVADO,Enchufe suelto,housekeeping_whatsapp,127,,2025-08-30T08:22:24,2025-08-30T16:22:24,,,,,16,4,0.84,0
64,ROOMSERVICE,MEDIA,RESUELTO,Desayuno a la habitación,housekeeping_whatsapp,127,G127,2025-09-02T13:58:24,2025-09-02T14:58:24,2025-09-02T14:26:24,2025-09-02T15:17:24,,2025-09-02T18:04:24,9,5,0.93,0
65,ROOMSERVICE,MEDIA,PENDIENTE,Sopa caliente y pan,mantenimiento_app,123,G123,2025-09-05T19:56:24,2025-09-05T20:56:24,,,,,,6,0.8,0
66,MANTENCION,URGENTE,ASIGNADO,Wifi inestable,huesped_whatsapp,127,G127,2025-08-30T10:01:24,2025-08-30T11:31:24,,,,,16,6,0.99,0
67,ROOMSERVICE,URGENTE,EN_CURSO,Pedido de hamburguesa y papas,huesped_whatsapp,133,,2025-08-17T14:03:24,2025-08-17T14:23:24,2025-08-17T14:19:24,2025-08-17T14:57:24,,,18,3,0.96,1
68,MANTENCION,MEDIA,DERIVADO,TV no enciende,recepcion,131,,2025-08-11T11:45:24,2025-08-11T19:45:24,,,,,19,5,0.89,0
69,HOUSEKEEPING,URGENTE,RESUELTO,Kit dental solicitado,housekeeping_whatsapp,132,,2025-07-21T15:13:24,2025-07-21T15:58:24,2025-07-21T16:03:24,2025-07-21T16:51:24,,2025-07-21T19:33:24,11,3,0.99,0
70,HOUSEKEEPING,URGENTE,RESUELTO,Reponer amenities,mantenimiento_app,111,,2025-07-21T00:02:24,2025-07-21T00:47:24,2025-07-21T01:02:24,2025-07-21T01:10:24,,2025-07-21T03:55:24,14,3,0.77,0
71,MANTENCION,MEDIA,EN_CURSO,TV no enciende,huesped_whatsapp,112,G112,2025-08-22T04:28:24,2025-08-22T12:28:24,2025-08-22T05:15:24,2025-08-22T05:29:24,,,16,4,0.73,0
72,HOUSEKEEPING,MEDIA,PENDIENTE,Cuna para bebé,housekeeping_whatsapp,135,G135,2025-08-27T13:46:24,2025-08-27T16:46:24,,,,,,5,0.99,0
73,HOUSEKEEPING,ALTA,EN_CURSO,Limpieza adicional,huesped_whatsapp,125,,2025-07-28T01:47:24,2025-07-28T03:17:24,2025-07-28T02:33:24,2025-07-28T03:00:24,,,17,4,0.85,0
74,HOUSEKEEPING,BAJA,RESUELTO,Kit dental solicitado,housekeeping_whatsapp,101,,2025-07-22T19:56:24,2025-07-23T01:56:24,2025-07-22T20:55:24,2025-07-22T21:51:24,,2025-07-23T00:03:24,14,6,0.86,0
75,ROOMSERVICE,BAJA,ASIGNADO,"Bebidas frías (2 aguas, 1 gaseosa)",recepcion,103,G103,2025-08-27T11:47:24,2025-08-27T13:17:24,,,,,21,3,0.77,1
76,HOUSEKEEPING,MEDIA,EN_CURSO,Cambio de sábanas,huesped_whatsapp,135,,2025-08-20T16:01:24,2025-08-20T19:01:24,2025-08-20T16:27:24,2025-08-20T17:24:24,,,11,5,0.97,0
77,HOUSEKEEPING,ALTA,ACEPTADO,Reponer amenities,mantenimiento_app,105,G105,2025-08-07T21:39:24,2025-08-07T23:09:24,2025-08-07T22:12:24,,,,20,6,0.68,0
78,HOUSEKEEPING,MEDIA,EN_CURSO,Limpieza adicional,mantenimiento_app,124,G124,2025-08-08T15:35:24,2025-08-08T18:35:24,2025-08-08T16:24:24,2025-08-08T17:04:24,,,8,6,0.76,0
79,ROOMSERVICE,BAJA,RESUELTO,Café y té para dos,mantenimiento_app,108,G108,2025-07-21T18:05:24,2025-07-21T19:35:24,2025-07-21T18:22:24,2025-07-21T18:33:24,,2025-07-21T20:48:24,18,5,0.95,1
80,HOUSEKEEPING,MEDIA,RESUELTO,Plancha solicitada,mantenimiento_app,138,,2025-08-01T10:21:24,2025-08-01T13:21:24,2025-08-01T10:37:24,2025-08-01T11:35:24,,2025-08-01T16:00:24,23,6,0.86,0
81,HOUSEKEEPING,BAJA,ACEPTADO,Cuna para bebé,mantenimiento_app,116,,2025-07-27T09:50:24,2025-07-27T15:50:24,2025-07-27T10:41:24,,,,20,5,0.77,0
82,MANTENCION,URGENTE,RESUELTO,Baño con poca presión de agua,recepcion,114,,2025-09-10T17:17:24,2025-09-10T18:47:24,2025-09-10T18:17:24,2025-09-10T18:43:24,,2025-09-10T21:02:24,7,3,0.99,0
83,MANTENCION,BAJA,RESUELTO,Luz parpadea,huesped_whatsapp,115,G115,2025-07-31T19:08:24,2025-08-01T19:08:24,2025-07-31T19:27:24,2025-07-31T19:40:24,,2025-08-01T00:31:24,13,3,0.74,1
84,ROOMSERVICE,URGENTE,PENDIENTE,Postre: cheesecake y fruta,huesped_whatsapp,138,G138,2025-08-03T05:26:24,2025-08-03T05:46:24,,,,,,5,0.67,0
85,ROOMSERVICE,BAJA,PENDIENTE,Sándwich club y jugo natural,housekeeping_whatsapp,133,,2025-08-28T12:13:24,2025-08-28T13:43:24,,,,,,4,0.97,1
86,ROOMSERVICE,MEDIA,EN_CURSO,Pedido de hamburguesa y papas,recepcion,131,,2025-08-26T04:00:24,2025-08-26T05:00:24,2025-08-26T04:55:24,2025-08-26T05:28:24,,,18,3,0.67,1
87,ROOMSERVICE,BAJA,PENDIENTE,Pedido de hielo adicional,housekeeping_whatsapp,125,,2025-09-04T15:49:24,2025-09-04T17:19:24,,,,,,5,0.8,0
88,MANTENCION,ALTA,PENDIENTE,Enchufe suelto,huesped_whatsapp,128,G128,2025-08-08T03:57:24,2025-08-08T07:57:24,,,,,,6,0.77,0
89,HOUSEKEEPING,ALTA,ACEPTADO,Reposición de papel higiénico,housekeeping_whatsapp,124,,2025-08-30T12:51:24,2025-08-30T14:21:24,2025-08-30T13:06:24,,,,8,3,0.68,1
90,ROOMSERVICE,MEDIA,PENDIENTE,Pedido de hamburguesa y papas,housekeeping_whatsapp,108,G108,2025-08-25T20:43:24,2025-08-25T21:43:24,,,,,,3,0.98,0
91,HOUSEKEEPING,BAJA,EN_CURSO,Pedido de almohadas extra,mantenimiento_app,115,,2025-08-19T05:38:24,2025-08-19T11:38:24,2025-08-19T06:36:24,2025-08-19T06:58:24,,,8,5,0.85,0
92,ROOMSERVICE,URGENTE,RESUELTO,Pedido de hielo adicional,recepcion,139,,2025-08-11T17:02:24,2025-08-11T17:22:24,2025-08-11T17:29:24,2025-08-11T18:18:24,,2025-08-11T21:11:24,12,3,0.96,0
93,MANTENCION,URGENTE,EN_CURSO,Wifi inestable,recepcion,110,,2025-07-21T03:46:24,2025-07-21T05:16:24,2025-07-21T04:29:24,2025-07-21T04:47:24,,,22,3,0.78,0
94,MANTENCION,MEDIA,DERIVADO,Ventana no cierra bien,recepcion,104,G104,2025-09-12T14:29:24,2025-09-12T22:29:24,,,,,22,3,0.68,0
95,HOUSEKEEPING,MEDIA,EN_CURSO,Limpieza adicional,huesped_whatsapp,133,G133,2025-08-26T11:57:24,2025-08-26T14:57:24,2025-08-26T12:50:24,2025-08-26T13:38:24,,,14,3,0.85,0
96,HOUSEKEEPING,BAJA,EN_CURSO,Batas de baño adicionales,recepcion,101,G101,2025-08-06T14:14:24,2025-08-06T20:14:24,2025-08-06T14:42:24,2025-08-06T15:07:24,,,14,4,0.69,0
97,HOUSEKEEPING,BAJA,ACEPTADO,Cambio de sábanas,housekeeping_whatsapp,105,G105,2025-07-22T05:12:24,2025-07-22T11:12:24,2025-07-22T05:51:24,,,,8,6,0.96,0
98,ROOMSERVICE,MEDIA,EN_CURSO,Tabla de quesos con vino,housekeeping_whatsapp,108,G108,2025-08-16T22:16:24,2025-08-16T23:16:24,2025-08-16T22:55:24,2025-08-16T23:53:24,,,21,4,0.88,0
99,HOUSEKEEPING,ALTA,ASIGNADO,Batas de baño adicionales,mantenimiento_app,134,G134,2025-08-15T14:36:24,2025-08-15T16:06:24,,,,,11,5,0.76,1
100,ROOMSERVICE,ALTA,EN_CURSO,Cena tardía: pasta y ensalada,housekeeping_whatsapp,123,,2025-09-15T02:47:24,2025-09-15T03:17:24,2025-09-15T03:03:24,2025-09-15T03:17:24,,,12,4,0.74,1
101,MANTENCION,ALTA,DERIVADO,TV no enciende,mantenimiento_app,130,,2025-09-09T02:40:24,2025-09-09T06:40:24,,,,,22,6,0.96,0
102,ROOMSERVICE,URGENTE,ACEPTADO,Postre: cheesecake y fruta,huesped_whatsapp,129,G129,2025-08-27T14:49:24,2025-08-27T15:09:24,2025-08-27T15:36:24,,,,15,5,0.67,0
103,HOUSEKEEPING,MEDIA,PENDIENTE,Reposición de papel higiénico,housekeeping_whatsapp,105,,2025-07-26T14:03:24,2025-07-26T17:03:24,,,,,,6,0.81,0
104,ROOMSERVICE,URGENTE,EN_CURSO,Pedido de hielo adicional,huesped_whatsapp,121,,2025-09-02T00:03:24,2025-09-02T00:23:24,2025-09-02T00:41:24,2025-09-02T00:52:24,,,9,4,0.93,0
105,ROOMSERVICE,BAJA,PAUSADO,Pedido de hamburguesa y papas,huesped_whatsapp,129,,2025-09-04T01:38:24,2025-09-04T03:08:24,2025-09-04T02:11:24,2025-09-04T02:34:24,2025-09-04T03:03:24,,15,4,0.79,0
106,ROOMSERVICE,BAJA,PAUSADO,Postre: cheesecake y fruta,recepcion,122,G122,2025-08-22T13:15:24,2025-08-22T14:45:24,2025-08-22T14:11:24,2025-08-22T15:10:24,2025-08-22T15:24:24,,15,5,0.76,0
107,MANTENCION,URGENTE,ACEPTADO,Wifi inestable,huesped_whatsapp,139,,2025-07-26T01:52:24,2025-07-26T03:22:24,2025-07-26T02:26:24,,,,19,5,0.87,0
108,MANTENCION,ALTA,RESUELTO,Enchufe suelto,recepcion,128,,2025-07-20T00:37:24,2025-07-20T04:37:24,2025-07-20T00:58:24,2025-07-20T01:16:24,,2025-07-20T04:25:24,13,5,0.97,0
109,MANTENCION,URGENTE,ASIGNADO,Cerradura no responde,recepcion,133,,2025-09-04T07:01:24,2025-09-04T08:31:24,,,,,22,3,0.76,0
110,MANTENCION,MEDIA,ASIGNADO,TV no enciende,huesped_whatsapp,129,G129,2025-08-20T12:37:24,2025-08-20T20:37:24,,,,,16,4,0.86,0
111,HOUSEKEEPING,BAJA,ASIGNADO,Cuna para bebé,huesped_whatsapp,124,,2025-09-08T06:54:24,2025-09-08T12:54:24,,,,,17,6,0.91,0
112,ROOMSERVICE,MEDIA,RESUELTO,Cena tardía: pasta y ensalada,huesped_whatsapp,117,G117,2025-08-31T02:39:24,2025-08-31T03:39:24,2025-08-31T02:55:24,2025-08-31T03:45:24,,2025-08-31T08:24:24,21,5,0.94,0
113,MANTENCION,MEDIA,RESUELTO,TV no enciende,mantenimiento_app,106,,2025-08-07T13:50:24,2025-08-07T21:50:24,2025-08-07T14:01:24,2025-08-07T14:32:24,,2025-08-07T15:14:24,13,6,0.78,0
114,HOUSEKEEPING,URGENTE,ACEPTADO,Toallas adicionales,housekeeping_whatsapp,107,,2025-09-15T12:39:24,2025-09-15T13:24:24,2025-09-15T12:57:24,,,,11,5,0.66,0
115,HOUSEKEEPING,ALTA,PENDIENTE,Cuna para bebé,mantenimiento_app,101,,2025-07-20T02:18:24,2025-07-20T03:48:24,,,,,,5,0.72,1
116,ROOMSERVICE,ALTA,EN_CURSO,Café y té para dos,huesped_whatsapp,120,G120,2025-08-09T01:40:24,2025-08-09T02:10:24,2025-08-09T02:40:24,2025-08-09T03:24:24,,,24,6,0.81,1
117,HOUSEKEEPING,MEDIA,PENDIENTE,Plancha solicitada,huesped_whatsapp,110,G110,2025-07-18T12:13:24,2025-07-18T15:13:24,,,,,,5,0.73,0
118,ROOMSERVICE,ALTA,EN_CURSO,Postre: cheesecake y fruta,recepcion,134,,2025-09-02T13:43:24,2025-09-02T14:13:24,2025-09-02T14:23:24,2025-09-02T14:30:24,,,18,3,0.87,0
119,HOUSEKEEPING,ALTA,ACEPTADO,Reponer amenities,housekeeping_whatsapp,116,,2025-09-13T13:14:24,2025-09-13T14:44:24,2025-09-13T14:11:24,,,,20,3,0.91,1
120,HOUSEKEEPING,MEDIA,RESUELTO,Pedido de almohadas extra,mantenimiento_app,131,,2025-07-30T15:23:24,2025-07-30T18:23:24,2025-07-30T16:22:24,2025-07-30T16:56:24,,2025-07-30T17:29:24,23,3,0.75,1
121,MANTENCION,URGENTE,ACEPTADO,Cerradura no responde,mantenimiento_app,135,G135,2025-07-21T16:47:24,2025-07-21T18:17:24,2025-07-21T17:19:24,,,,13,4,0.94,1
122,ROOMSERVICE,MEDIA,PENDIENTE,Postre: cheesecake y fruta,mantenimiento_app,126,,2025-08-22T13:26:24,2025-08-22T14:26:24,,,,,,5,0.98,0
123,HOUSEKEEPING,MEDIA,RESUELTO,Limpieza adicional,recepcion,128,G128,2025-09-11T04:52:24,2025-09-11T07:52:24,2025-09-11T05:20:24,2025-09-11T05:45:24,,2025-09-11T06:52:24,20,4,0.68,0
124,HOUSEKEEPING,MEDIA,DERIVADO,Pedido de almohadas extra,mantenimiento_app,123,G123,2025-08-19T10:58:24,2025-08-19T13:58:24,,,,,14,6,0.87,0
125,MANTENCION,BAJA,PAUSADO,Ruido en aire,huesped_whatsapp,102,G102,2025-09-11T16:03:24,2025-09-12T16:03:24,2025-09-11T16:21:24,2025-09-11T16:30:24,2025-09-11T16:50:24,,7,6,0.91,0
126,HOUSEKEEPING,URGENTE,PENDIENTE,Pedido de almohadas extra,mantenimiento_app,124,G124,2025-07-25T08:45:24,2025-07-25T09:30:24,,,,,,4,0.83,0
127,ROOMSERVICE,MEDIA,RESUELTO,Pedido de hamburguesa y papas,huesped_whatsapp,132,,2025-09-07T11:47:24,2025-09-07T12:47:24,2025-09-07T12:46:24,2025-09-07T13:07:24,,2025-09-07T17:10:24,15,3,0.72,0
128,ROOMSERVICE,URGENTE,EN_CURSO,Desayuno a la habitación,huesped_whatsapp,105,G105,2025-08-27T21:09:24,2025-08-27T21:29:24,2025-08-27T21:39:24,2025-08-27T22:26:24,,,24,3,0.77,1
129,ROOMSERVICE,MEDIA,ACEPTADO,"Bebidas frías (2 aguas, 1 gaseosa)",huesped_whatsapp,124,,2025-07-29T09:55:24,2025-07-29T10:55:24,2025-07-29T10:20:24,,,,12,4,0.92,1
130,ROOMSERVICE,MEDIA,EN_CURSO,Sopa caliente y pan,huesped_whatsapp,106,G106,2025-08-23T14:35:24,2025-08-23T15:35:24,2025-08-23T15:11:24,2025-08-23T16:05:24,,,21,6,0.79,0
131,MANTENCION,URGENTE,PAUSADO,Baño con poca presión de agua,mantenimiento_app,134,G134,2025-09-06T13:08:24,2025-09-06T14:38:24,2025-09-06T13:26:24,2025-09-06T13:58:24,2025-09-06T14:35:24,,25,4,0.96,1
132,MANTENCION,MEDIA,ACEPTADO,TV no enciende,housekeeping_whatsapp,115,G115,2025-09-03T14:20:24,2025-09-03T22:20:24,2025-09-03T14:35:24,,,,25,5,0.74,0
133,ROOMSERVICE,MEDIA,PAUSADO,Pedido de hielo adicional,recepcion,133,,2025-09-10T05:37:24,2025-09-10T06:37:24,2025-09-10T06:29:24,2025-09-10T07:13:24,2025-09-10T07:39:24,,12,4,0.94,0
134,MANTENCION,BAJA,RESUELTO,Ventana no cierra bien,housekeeping_whatsapp,114,,2025-08-25T06:50:24,2025-08-26T06:50:24,2025-08-25T07:40:24,2025-08-25T08:19:24,,2025-08-25T11:02:24,16,3,0.87,0
135,MANTENCION,ALTA,DERIVADO,Cerradura no responde,mantenimiento_app,105,,2025-08-01T18:07:24,2025-08-01T22:07:24,,,,,16,6,0.81,0
136,ROOMSERVICE,BAJA,RESUELTO,Postre: cheesecake y fruta,housekeeping_whatsapp,126,G126,2025-08-21T02:15:24,2025-08-21T03:45:24,2025-08-21T02:40:24,2025-08-21T03:14:24,,2025-08-21T04:31:24,15,3,0.74,0
137,MANTENCION,BAJA,RESUELTO,Ventana no cierra bien,mantenimiento_app,116,,2025-08-01T21:40:24,2025-08-02T21:40:24,2025-08-01T22:36:24,2025-08-01T23:01:24,,2025-08-02T00:53:24,19,5,0.91,0
138,ROOMSERVICE,MEDIA,RESUELTO,Sándwich club y jugo natural,recepcion,106,,2025-09-02T08:57:24,2025-09-02T09:57:24,2025-09-02T09:20:24,2025-09-02T10:02:24,,2025-09-02T13:17:24,12,6,0.67,0
139,ROOMSERVICE,URGENTE,DERIVADO,Sándwich club y jugo natural,housekeeping_whatsapp,135,G135,2025-07-28T03:37:24,2025-07-28T03:57:24,,,,,12,6,0.95,0
140,HOUSEKEEPING,MEDIA,EN_CURSO,Batas de baño adicionales,huesped_whatsapp,124,,2025-07-25T01:25:24,2025-07-25T04:25:24,2025-07-25T02:03:24,2025-07-25T02:56:24,,,20,6,0.84,0
141,ROOMSERVICE,ALTA,PENDIENTE,Desayuno a la habitación,mantenimiento_app,124,,2025-08-18T05:32:24,2025-08-18T06:02:24,,,,,,5,0.91,1
142,ROOMSERVICE,MEDIA,PENDIENTE,Pedido de hamburguesa y papas,huesped_whatsapp,122,,2025-09-03T15:17:24,2025-09-03T16:17:24,,,,,,6,0.7,0
143,MANTENCION,MEDIA,PAUSADO,TV no enciende,mantenimiento_app,120,,2025-09-02T13:02:24,2025-09-02T21:02:24,2025-09-02T13:48:24,2025-09-02T14:12:24,2025-09-02T14:47:24,,22,6,0.93,0
144,ROOMSERVICE,BAJA,EN_CURSO,Café y té para dos,recepcion,139,G139,2025-09-16T00:57:24,2025-09-16T02:27:24,2025-09-16T01:10:24,2025-09-16T01:52:24,,,24,4,0.81,0
145,ROOMSERVICE,ALTA,RESUELTO,"Bebidas frías (2 aguas, 1 gaseosa)",huesped_whatsapp,103,,2025-07-28T08:52:24,2025-07-28T09:22:24,2025-07-28T09:30:24,2025-07-28T09:55:24,,2025-07-28T13:44:24,9,4,0.7,0
146,HOUSEKEEPING,MEDIA,PAUSADO,Cuna para bebé,recepcion,109,,2025-09-07T10:04:24,2025-09-07T13:04:24,2025-09-07T10:44:24,2025-09-07T11:22:24,2025-09-07T11:51:24,,23,5,0.76,1
147,ROOMSERVICE,MEDIA,ACEPTADO,Café y té para dos,mantenimiento_app,113,,2025-08-12T18:17:24,2025-08-12T19:17:24,2025-08-12T18:46:24,,,,12,5,0.91,0
148,ROOMSERVICE,ALTA,ACEPTADO,Postre: cheesecake y fruta,housekeeping_whatsapp,119,G119,2025-09-05T19:25:24,2025-09-05T19:55:24,2025-09-05T19:57:24,,,,18,6,0.97,0
149,HOUSEKEEPING,BAJA,RESUELTO,Reponer amenities,housekeeping_whatsapp,129,,2025-08-30T23:21:24,2025-08-31T05:21:24,2025-08-31T00:05:24,2025-08-31T00:27:24,,2025-08-31T05:29:24,11,4,0.89,1
150,ROOMSERVICE,ALTA,ASIGNADO,Pedido de hamburguesa y papas,huesped_whatsapp,115,G115,2025-08-24T23:40:24,2025-08-25T00:10:24,,,,,24,5,0.81,0
151,MANTENCION,BAJA,EN_CURSO,TV no enciende,mantenimiento_app,131,G131,2025-08-05T12:31:24,2025-08-06T12:31:24,2025-08-05T12:59:24,2025-08-05T13:45:24,,,13,5,0.67,0
152,ROOMSERVICE,MEDIA,EN_CURSO,Pedido de hamburguesa y papas,huesped_whatsapp,127,,2025-08-03T08:48:24,2025-08-03T09:48:24,2025-08-03T09:48:24,2025-08-03T10:24:24,,,18,3,0.71,0
153,HOUSEKEEPING,URGENTE,PENDIENTE,Batas de baño adicionales,recepcion,122,G122,2025-09-14T17:46:24,2025-09-14T18:31:24,,,,,,6,0.95,1
154,ROOMSERVICE,MEDIA,ASIGNADO,Desayuno a la habitación,housekeeping_whatsapp,111,,2025-09-15T09:00:24,2025-09-15T10:00:24,,,,,24,5,0.71,0
155,HOUSEKEEPING,MEDIA,RESUELTO,Pedido de almohadas extra,mantenimiento_app,128,,2025-07-26T06:16:24,2025-07-26T09:16:24,2025-07-26T06:32:24,2025-07-26T06:48:24,,2025-07-26T08:14:24,23,6,0.81,0
156,MANTENCION,MEDIA,ASIGNADO,Cerradura no responde,housekeeping_whatsapp,120,,2025-09-08T12:16:24,2025-09-08T20:16:24,,,,,13,3,0.87,0
157,MANTENCION,ALTA,EN_CURSO,TV no enciende,mantenimiento_app,133,,2025-08-15T16:08:24,2025-08-15T20:08:24,2025-08-15T16:36:24,2025-08-15T17:04:24,,,22,3,0.86,0
158,MANTENCION,MEDIA,EN_CURSO,Ventana no cierra bien,housekeeping_whatsapp,127,,2025-08-30T05:20:24,2025-08-30T13:20:24,2025-08-30T05:45:24,2025-08-30T06:33:24,,,25,4,0.91,0
159,MANTENCION,MEDIA,EN_CURSO,Ruido en aire,recepcion,137,G137,2025-09-06T05:09:24,2025-09-06T13:09:24,2025-09-06T05:53:24,2025-09-06T06:07:24,,,19,4,0.71,0
160,HOUSEKEEPING,BAJA,ASIGNADO,Batas de baño adicionales,mantenimiento_app,106,,2025-08-27T21:58:24,2025-08-28T03:58:24,,,,,17,3,0.69,0
161,ROOMSERVICE,BAJA,EN_CURSO,Café y té para dos,recepcion,126,G126,2025-07-18T15:23:24,2025-07-18T16:53:24,2025-07-18T15:37:24,2025-07-18T15:44:24,,,21,4,0.79,0
162,ROOMSERVICE,URGENTE,RESUELTO,Desayuno a la habitación,mantenimiento_app,103,G103,2025-08-03T17:58:24,2025-08-03T18:18:24,2025-08-03T18:54:24,2025-08-03T19:40:24,,2025-08-03T23:30:24,24,4,0.78,0
163,HOUSEKEEPING,URGENTE,RESUELTO,Kit dental solicitado,recepcion,135,G135,2025-08-19T00:30:24,2025-08-19T01:15:24,2025-08-19T01:14:24,2025-08-19T01:44:24,,2025-08-19T06:29:24,11,3,0.69,0
164,MANTENCION,ALTA,CANCELADO,Baño con poca presión de agua,mantenimiento_app,135,G135,2025-08-08T06:30:24,2025-08-08T10:30:24,,,,,,4,0.81,1
165,MANTENCION,URGENTE,DERIVADO,Fuga de agua en baño,recepcion,127,,2025-07-19T18:58:24,2025-07-19T20:28:24,,,,,10,4,0.67,0
166,HOUSEKEEPING,MEDIA,DERIVADO,Toallas adicionales,huesped_whatsapp,103,G103,2025-08-08T16:43:24,2025-08-08T19:43:24,,,,,8,4,0.7,0
167,MANTENCION,ALTA,DERIVADO,Ruido en aire,housekeeping_whatsapp,116,G116,2025-07-31T09:45:24,2025-07-31T13:45:24,,,,,16,4,0.75,1
168,ROOMSERVICE,URGENTE,RESUELTO,Tabla de quesos con vino,mantenimiento_app,104,,2025-09-14T22:08:24,2025-09-14T22:28:24,2025-09-14T22:38:24,2025-09-14T23:27:24,,2025-09-15T03:15:24,21,6,0.79,0
169,MANTENCION,ALTA,EN_CURSO,Luz parpadea,housekeeping_whatsapp,110,,2025-07-23T14:40:24,2025-07-23T18:40:24,2025-07-23T15:25:24,2025-07-23T16:03:24,,,16,6,0.7,0
170,MANTENCION,MEDIA,PENDIENTE,Baño con poca presión de agua,housekeeping_whatsapp,106,,2025-08-04T16:54:24,2025-08-05T00:54:24,,,,,,3,0.74,0
171,ROOMSERVICE,BAJA,PENDIENTE,Pedido de hielo adicional,huesped_whatsapp,131,G131,2025-08-17T16:10:24,2025-08-17T17:40:24,,,,,,5,0.98,1
172,MANTENCION,URGENTE,PENDIENTE,Baño con poca presión de agua,huesped_whatsapp,139,,2025-08-23T11:15:24,2025-08-23T12:45:24,,,,,,4,0.84,0
173,HOUSEKEEPING,MEDIA,PAUSADO,Limpieza adicional,housekeeping_whatsapp,124,,2025-09-01T15:07:24,2025-09-01T18:07:24,2025-09-01T16:03:24,2025-09-01T16:38:24,2025-09-01T17:03:24,,8,6,0.96,0
174,HOUSEKEEPING,BAJA,RESUELTO,Pedido de almohadas extra,recepcion,117,,2025-09-09T12:38:24,2025-09-09T18:38:24,2025-09-09T12:57:24,2025-09-09T13:14:24,,2025-09-09T16:17:24,14,6,0.73,0
175,MANTENCION,MEDIA,DERIVADO,Ruido en aire,housekeeping_whatsapp,132,,2025-09-14T18:36:24,2025-09-15T02:36:24,,,,,16,6,0.71,0
176,MANTENCION,BAJA,EN_CURSO,TV no enciende,recepcion,134,G134,2025-07-25T03:10:24,2025-07-26T03:10:24,2025-07-25T03:20:24,2025-07-25T03:51:24,,,25,3,0.7,0
177,MANTENCION,ALTA,PENDIENTE,Enchufe suelto,mantenimiento_app,124,G124,2025-09-14T09:56:24,2025-09-14T13:56:24,,,,,,6,0.87,1
178,ROOMSERVICE,MEDIA,PENDIENTE,Sopa caliente y pan,housekeeping_whatsapp,135,,2025-07-19T22:14:24,2025-07-19T23:14:24,,,,,,6,0.92,0
179,MANTENCION,URGENTE,EN_CURSO,Luz parpadea,huesped_whatsapp,134,G134,2025-08-19T15:05:24,2025-08-19T16:35:24,2025-08-19T15:40:24,2025-08-19T15:50:24,,,25,5,0.78,0
180,ROOMSERVICE,BAJA,DERIVADO,Café y té para dos,recepcion,103,G103,2025-08-21T21:18:24,2025-08-21T22:48:24,,,,,21,6,0.81,0
181,ROOMSERVICE,BAJA,EN_CURSO,Tabla de quesos con vino,housekeeping_whatsapp,137,,2025-07-27T01:07:24,2025-07-27T02:37:24,2025-07-27T01:30:24,2025-07-27T02:30:24,,,12,3,0.89,0
182,HOUSEKEEPING,BAJA,PENDIENTE,Limpieza adicional,recepcion,112,,2025-08-15T23:48:24,2025-08-16T05:48:24,,,,,,3,0.98,0
183,ROOMSERVICE,ALTA,RESUELTO,Café y té para dos,huesped_whatsapp,137,G137,2025-08-22T18:55:24,2025-08-22T19:25:24,2025-08-22T19:53:24,2025-08-22T20:45:24,,2025-08-22T22:11:24,18,5,0.92,0
184,MANTENCION,MEDIA,CANCELADO,Sin aire acondicionado,recepcion,128,G128,2025-07-25T06:51:24,2025-07-25T14:51:24,,,,,,5,0.86,0
185,ROOMSERVICE,MEDIA,RESUELTO,Pedido de hamburguesa y papas,housekeeping_whatsapp,129,G129,2025-08-19T18:04:24,2025-08-19T19:04:24,2025-08-19T18:25:24,2025-08-19T19:13:24,,2025-08-20T00:27:24,18,6,0.87,1
186,ROOMSERVICE,MEDIA,ASIGNADO,Desayuno a la habitación,recepcion,118,G118,2025-09-14T01:34:24,2025-09-14T02:34:24,,,,,24,4,0.78,0
187,MANTENCION,BAJA,ACEPTADO,Ruido en aire,housekeeping_whatsapp,107,G107,2025-08-04T10:09:24,2025-08-05T10:09:24,2025-08-04T10:54:24,,,,16,6,0.84,0
188,MANTENCION,BAJA,EN_CURSO,Ventana no cierra bien,housekeeping_whatsapp,125,G125,2025-08-25T00:46:24,2025-08-26T00:46:24,2025-08-25T01:01:24,2025-08-25T01:52:24,,,25,6,0.96,0
189,MANTENCION,MEDIA,ASIGNADO,Wifi inestable,huesped_whatsapp,109,G109,2025-08-11T19:08:24,2025-08-12T03:08:24,,,,,10,6,0.67,0
190,HOUSEKEEPING,MEDIA,RESUELTO,Reposición de papel higiénico,housekeeping_whatsapp,116,,2025-09-01T11:53:24,2025-09-01T14:53:24,2025-09-01T12:09:24,2025-09-01T12:22:24,,2025-09-01T15:12:24,17,4,0.65,0
191,ROOMSERVICE,MEDIA,RESUELTO,Sándwich club y jugo natural,housekeeping_whatsapp,128,,2025-09-15T15:00:24,2025-09-15T16:00:24,2025-09-15T15:30:24,2025-09-15T16:13:24,,2025-09-15T18:10:24,15,4,0.81,1
192,HOUSEKEEPING,URGENTE,ACEPTADO,Cuna para bebé,huesped_whatsapp,121,G121,2025-08-23T03:10:24,2025-08-23T03:55:24,2025-08-23T03:56:24,,,,8,5,0.72,0
193,MANTENCION,ALTA,EN_CURSO,Baño con poca presión de agua,huesped_whatsapp,129,,2025-07-24T15:52:24,2025-07-24T19:52:24,2025-07-24T16:33:24,2025-07-24T16:46:24,,,22,6,0.87,0
194,ROOMSERVICE,BAJA,EN_CURSO,Tabla de quesos con vino,recepcion,129,,2025-08-30T23:42:24,2025-08-31T01:12:24,2025-08-31T00:24:24,2025-08-31T01:24:24,,,21,6,0.89,0
195,HOUSEKEEPING,ALTA,RESUELTO,Batas de baño adicionales,recepcion,107,,2025-09-16T05:21:24,2025-09-16T06:51:24,2025-09-16T06:12:24,2025-09-16T06:56:24,,2025-09-16T07:33:24,11,5,0.84,0
196,ROOMSERVICE,MEDIA,RESUELTO,Tabla de quesos con vino,recepcion,101,G101,2025-08-07T13:46:24,2025-08-07T14:46:24,2025-08-07T14:19:24,2025-08-07T14:49:24,,2025-08-07T19:01:24,18,4,0.91,0
197,ROOMSERVICE,BAJA,CANCELADO,Sándwich club y jugo natural,recepcion,119,G119,2025-07-26T04:21:24,2025-07-26T05:51:24,,,,,,3,0.93,0
198,HOUSEKEEPING,MEDIA,EN_CURSO,Cambio de sábanas,mantenimiento_app,123,G123,2025-08-27T05:59:24,2025-08-27T08:59:24,2025-08-27T06:13:24,2025-08-27T06:37:24,,,14,6,0.67,0
199,MANTENCION,ALTA,PAUSADO,TV no enciende,huesped_whatsapp,134,G134,2025-08-01T22:37:24,2025-08-02T02:37:24,2025-08-01T23:14:24,2025-08-01T23:48:24,2025-08-02T00:07:24,,19,5,0.92,0
200,MANTENCION,ALTA,EN_CURSO,Sin aire acondicionado,huesped_whatsapp,129,,2025-08-22T18:13:24,2025-08-22T22:13:24,2025-08-22T18:36:24,2025-08-22T18:54:24,,,22,3,0.74,0
201,MANTENCION,MEDIA,RESUELTO,Enchufe suelto,huesped_whatsapp,124,G124,2025-08-29T00:20:24,2025-08-29T08:20:24,2025-08-29T01:12:24,2025-08-29T02:12:24,,2025-08-29T06:37:24,13,3,0.83,0
202,ROOMSERVICE,MEDIA,EN_CURSO,Desayuno a la habitación,housekeeping_whatsapp,123,,2025-09-12T13:26:24,2025-09-12T14:26:24,2025-09-12T14:21:24,2025-09-12T15:17:24,,,24,4,0.75,0
203,MANTENCION,ALTA,ACEPTADO,Luz parpadea,housekeeping_whatsapp,108,G108,2025-07-31T05:36:24,2025-07-31T09:36:24,2025-07-31T06:24:24,,,,16,6,0.7,0
204,MANTENCION,MEDIA,EN_CURSO,TV no enciende,huesped_whatsapp,132,G132,2025-08-04T09:31:24,2025-08-04T17:31:24,2025-08-04T10:09:24,2025-08-04T10:53:24,,,25,5,0.67,0
205,MANTENCION,MEDIA,ASIGNADO,Wifi inestable,mantenimiento_app,127,,2025-08-25T04:45:24,2025-08-25T12:45:24,,,,,16,6,0.71,0
206,MANTENCION,MEDIA,ACEPTADO,Enchufe suelto,housekeeping_whatsapp,111,,2025-09-07T20:28:24,2025-09-08T04:28:24,2025-09-07T21:10:24,,,,19,6,0.69,1
207,ROOMSERVICE,ALTA,ACEPTADO,Pedido de hamburguesa y papas,mantenimiento_app,135,G135,2025-08-26T01:33:24,2025-08-26T02:03:24,2025-08-26T02:24:24,,,,24,3,0.91,0
208,MANTENCION,MEDIA,ACEPTADO,Fuga de agua en baño,mantenimiento_app,108,,2025-08-08T22:24:24,2025-08-09T06:24:24,2025-08-08T23:21:24,,,,25,4,0.85,0
209,ROOMSERVICE,ALTA,EN_CURSO,Pedido de hielo adicional,huesped_whatsapp,114,,2025-07-23T18:28:24,2025-07-23T18:58:24,2025-07-23T18:55:24,2025-07-23T19:38:24,,,21,5,0.83,0
210,ROOMSERVICE,MEDIA,PAUSADO,Sopa caliente y pan,recepcion,109,,2025-08-24T19:56:24,2025-08-24T20:56:24,2025-08-24T20:47:24,2025-08-24T21:00:24,2025-08-24T21:13:24,,15,3,0.73,0
211,MANTENCION,ALTA,DERIVADO,Baño con poca presión de agua,huesped_whatsapp,137,,2025-09-13T12:16:24,2025-09-13T16:16:24,,,,,16,6,0.8,0
212,MANTENCION,MEDIA,DERIVADO,Ruido en aire,mantenimiento_app,132,G132,2025-07-18T14:12:24,2025-07-18T22:12:24,,,,,22,3,0.98,0
213,ROOMSERVICE,MEDIA,PENDIENTE,Sopa caliente y pan,mantenimiento_app,114,,2025-08-06T15:35:24,2025-08-06T16:35:24,,,,,,6,0.74,0
214,HOUSEKEEPING,MEDIA,PENDIENTE,Cuna para bebé,housekeeping_whatsapp,104,G104,2025-09-13T08:42:24,2025-09-13T11:42:24,,,,,,6,0.66,0
215,MANTENCION,MEDIA,PENDIENTE,Wifi inestable,huesped_whatsapp,109,,2025-08-14T20:14:24,2025-08-15T04:14:24,,,,,,4,0.95,0
216,MANTENCION,ALTA,ASIGNADO,Ruido en aire,huesped_whatsapp,104,G104,2025-08-15T04:11:24,2025-08-15T08:11:24,,,,,16,4,0.87,0
217,MANTENCION,BAJA,PENDIENTE,Ventana no cierra bien,huesped_whatsapp,134,,2025-07-19T05:05:24,2025-07-20T05:05:24,,,,,,3,0.89,0
218,HOUSEKEEPING,ALTA,EN_CURSO,Cambio de sábanas,mantenimiento_app,106,,2025-07-27T16:33:24,2025-07-27T18:03:24,2025-07-27T17:06:24,2025-07-27T17:30:24,,,14,3,0.7,0
219,MANTENCION,ALTA,DERIVADO,Fuga de agua en baño,recepcion,111,G111,2025-08-06T18:13:24,2025-08-06T22:13:24,,,,,16,4,0.86,0
220,MANTENCION,BAJA,PENDIENTE,Fuga de agua en baño,mantenimiento_app,123,,2025-08-15T23:50:24,2025-08-16T23:50:24,,,,,,4,0.73,0
221,MANTENCION,MEDIA,PAUSADO,Ventana no cierra bien,housekeeping_whatsapp,102,,2025-09-16T07:06:24,2025-09-16T15:06:24,2025-09-16T07:49:24,2025-09-16T08:32:24,2025-09-16T09:09:24,,10,5,0.71,0
222,ROOMSERVICE,BAJA,RESUELTO,Cena tardía: pasta y ensalada,mantenimiento_app,125,G125,2025-09-01T20:09:24,2025-09-01T21:39:24,2025-09-01T20:19:24,2025-09-01T20:47:24,,2025-09-01T23:44:24,21,3,0.69,0
223,ROOMSERVICE,MEDIA,EN_CURSO,"Bebidas frías (2 aguas, 1 gaseosa)",mantenimiento_app,105,G105,2025-07-24T12:19:24,2025-07-24T13:19:24,2025-07-24T12:42:24,2025-07-24T12:49:24,,,15,3,0.96,0
224,HOUSEKEEPING,MEDIA,PAUSADO,Plancha solicitada,mantenimiento_app,128,,2025-07-25T20:51:24,2025-07-25T23:51:24,2025-07-25T21:06:24,2025-07-25T21:30:24,2025-07-25T21:40:24,,14,4,0.82,0
225,MANTENCION,MEDIA,EN_CURSO,Fuga de agua en baño,housekeeping_whatsapp,128,,2025-08-09T02:06:24,2025-08-09T10:06:24,2025-08-09T02:21:24,2025-08-09T02:53:24,,,10,3,0.69,0
226,MANTENCION,MEDIA,DERIVADO,TV no enciende,recepcion,101,,2025-07-19T09:35:24,2025-07-19T17:35:24,,,,,16,4,0.97,0
227,ROOMSERVICE,MEDIA,ACEPTADO,Café y té para dos,recepcion,102,G102,2025-08-26T10:40:24,2025-08-26T11:40:24,2025-08-26T10:54:24,,,,21,5,0.74,0
228,ROOMSERVICE,BAJA,EN_CURSO,Postre: cheesecake y fruta,recepcion,132,,2025-08-02T13:21:24,2025-08-02T14:51:24,2025-08-02T13:47:24,2025-08-02T14:41:24,,,12,5,0.68,0
229,ROOMSERVICE,BAJA,DERIVADO,Pedido de hamburguesa y papas,recepcion,101,G101,2025-08-30T07:23:24,2025-08-30T08:53:24,,,,,18,5,0.96,1
230,MANTENCION,MEDIA,RESUELTO,Wifi inestable,huesped_whatsapp,121,G121,2025-08-16T11:42:24,2025-08-16T19:42:24,2025-08-16T11:56:24,2025-08-16T12:37:24,,2025-08-16T16:02:24,25,5,0.69,0
231,MANTENCION,BAJA,RESUELTO,Sin aire acondicionado,mantenimiento_app,105,,2025-08-13T01:30:24,2025-08-14T01:30:24,2025-08-13T01:45:24,2025-08-13T02:25:24,,2025-08-13T06:33:24,13,5,0.65,0
232,ROOMSERVICE,ALTA,DERIVADO,Cena tardía: pasta y ensalada,mantenimiento_app,124,,2025-09-01T06:33:24,2025-09-01T07:03:24,,,,,24,4,0.96,0
233,MANTENCION,BAJA,RESUELTO,Sin aire acondicionado,huesped_whatsapp,135,G135,2025-07-19T05:45:24,2025-07-20T05:45:24,2025-07-19T06:43:24,2025-07-19T07:30:24,,2025-07-19T10:57:24,7,5,0.94,0
234,MANTENCION,BAJA,CANCELADO,Wifi inestable,mantenimiento_app,104,,2025-07-31T07:49:24,2025-08-01T07:49:24,,,,,,5,0.68,0
235,ROOMSERVICE,MEDIA,RESUELTO,Sándwich club y jugo natural,recepcion,138,G138,2025-07-30T12:27:24,2025-07-30T13:27:24,2025-07-30T13:14:24,2025-07-30T13:55:24,,2025-07-30T14:41:24,9,6,0.8,0
236,MANTENCION,MEDIA,RESUELTO,Wifi inestable,housekeeping_whatsapp,121,G121,2025-08-08T15:07:24,2025-08-08T23:07:24,2025-08-08T15:25:24,2025-08-08T16:19:24,,2025-08-08T21:33:24,10,3,0.69,1
237,HOUSEKEEPING,MEDIA,EN_CURSO,Plancha solicitada,housekeeping_whatsapp,114,G114,2025-08-29T12:59:24,2025-08-29T15:59:24,2025-08-29T13:14:24,2025-08-29T13:29:24,,,8,5,0.92,0
238,ROOMSERVICE,ALTA,PENDIENTE,Postre: cheesecake y fruta,huesped_whatsapp,106,,2025-08-19T17:55:24,2025-08-19T18:25:24,,,,,,6,0.82,0
239,HOUSEKEEPING,ALTA,ASIGNADO,Kit dental solicitado,mantenimiento_app,136,,2025-08-10T02:36:24,2025-08-10T04:06:24,,,,,17,3,0.68,0
240,MANTENCION,BAJA,RESUELTO,Luz parpadea,huesped_whatsapp,113,,2025-08-21T05:58:24,2025-08-22T05:58:24,2025-08-21T06:45:24,2025-08-21T07:06:24,,2025-08-21T07:59:24,19,3,0.66,1
241,ROOMSERVICE,MEDIA,PENDIENTE,Postre: cheesecake y fruta,recepcion,103,,2025-07-22T23:25:24,2025-07-23T00:25:24,,,,,,4,0.96,0
242,ROOMSERVICE,MEDIA,PENDIENTE,Tabla de quesos con vino,huesped_whatsapp,123,G123,2025-08-04T09:38:24,2025-08-04T10:38:24,,,,,,5,0.75,0
243,MANTENCION,ALTA,PAUSADO,Cerradura no responde,mantenimiento_app,127,,2025-08-30T23:15:24,2025-08-31T03:15:24,2025-08-30T23:42:24,2025-08-31T00:11:24,2025-08-31T00:24:24,,7,3,0.79,0
244,ROOMSERVICE,BAJA,CANCELADO,Sopa caliente y pan,recepcion,125,,2025-08-20T01:17:24,2025-08-20T02:47:24,,,,,,6,0.84,0
245,ROOMSERVICE,MEDIA,ACEPTADO,"Bebidas frías (2 aguas, 1 gaseosa)",recepcion,121,,2025-07-21T00:48:24,2025-07-21T01:48:24,2025-07-21T01:28:24,,,,9,5,0.83,0
246,MANTENCION,URGENTE,PENDIENTE,Luz parpadea,housekeeping_whatsapp,135,,2025-07-23T10:56:24,2025-07-23T12:26:24,,,,,,4,0.85,0
247,HOUSEKEEPING,MEDIA,RESUELTO,Pedido de almohadas extra,huesped_whatsapp,116,,2025-08-20T00:34:24,2025-08-20T03:34:24,2025-08-20T01:28:24,2025-08-20T01:55:24,,2025-08-20T07:00:24,23,3,0.84,0
248,MANTENCION,ALTA,RESUELTO,Baño con poca presión de agua,housekeeping_whatsapp,112,G112,2025-07-26T13:58:24,2025-07-26T17:58:24,2025-07-26T14:46:24,2025-07-26T15:05:24,,2025-07-26T15:30:24,10,3,0.83,1
249,ROOMSERVICE,BAJA,PENDIENTE,"Bebidas frías (2 aguas, 1 gaseosa)",housekeeping_whatsapp,104,G104,2025-09-09T18:16:24,2025-09-09T19:46:24,,,,,,4,0.91,0
250,HOUSEKEEPING,URGENTE,ACEPTADO,Kit dental solicitado,recepcion,122,G122,2025-07-30T18:52:24,2025-07-30T19:37:24,2025-07-30T19:29:24,,,,23,4,0.92,0
251,ROOMSERVICE,MEDIA,DERIVADO,Sopa caliente y pan,housekeeping_whatsapp,115,,2025-08-03T07:51:24,2025-08-03T08:51:24,,,,,15,6,0.9,0
252,MANTENCION,ALTA,RESUELTO,Ventana no cierra bien,mantenimiento_app,137,G137,2025-09-11T04:44:24,2025-09-11T08:44:24,2025-09-11T05:33:24,2025-09-11T05:52:24,,2025-09-11T11:34:24,25,5,0.84,0
253,MANTENCION,MEDIA,PENDIENTE,Ruido en aire,housekeeping_whatsapp,111,,2025-07-26T10:37:24,2025-07-26T18:37:24,,,,,,5,0.8,0
254,MANTENCION,ALTA,ACEPTADO,Fuga de agua en baño,recepcion,104,G104,2025-08-25T13:32:24,2025-08-25T17:32:24,2025-08-25T14:13:24,,,,16,4,0.95,0
255,HOUSEKEEPING,BAJA,EN_CURSO,Batas de baño adicionales,huesped_whatsapp,111,G111,2025-07-21T09:47:24,2025-07-21T15:47:24,2025-07-21T10:17:24,2025-07-21T10:38:24,,,8,5,0.97,1
256,MANTENCION,URGENTE,ASIGNADO,Fuga de agua en baño,recepcion,122,,2025-09-12T05:19:24,2025-09-12T06:49:24,,,,,22,6,0.66,0
257,MANTENCION,ALTA,EN_CURSO,Sin aire acondicionado,recepcion,122,G122,2025-08-04T15:49:24,2025-08-04T19:49:24,2025-08-04T16:34:24,2025-08-04T17:25:24,,,22,6,0.96,0
258,ROOMSERVICE,MEDIA,ASIGNADO,Pedido de hamburguesa y papas,mantenimiento_app,137,,2025-09-01T01:17:24,2025-09-01T02:17:24,,,,,9,4,0.77,0
259,HOUSEKEEPING,ALTA,PAUSADO,Cuna para bebé,huesped_whatsapp,107,G107,2025-08-02T21:59:24,2025-08-02T23:29:24,2025-08-02T22:39:24,2025-08-02T23:38:24,2025-08-02T23:50:24,,8,5,0.75,0
260,HOUSEKEEPING,URGENTE,ASIGNADO,Plancha solicitada,mantenimiento_app,112,G112,2025-08-22T02:04:24,2025-08-22T02:49:24,,,,,11,5,0.8,0
261,HOUSEKEEPING,MEDIA,RESUELTO,Batas de baño adicionales,recepcion,110,,2025-07-27T04:03:24,2025-07-27T07:03:24,2025-07-27T04:35:24,2025-07-27T05:31:24,,2025-07-27T10:23:24,23,3,0.79,0
262,MANTENCION,MEDIA,RESUELTO,Enchufe suelto,mantenimiento_app,135,,2025-08-30T14:04:24,2025-08-30T22:04:24,2025-08-30T14:33:24,2025-08-30T14:43:24,,2025-08-30T18:20:24,16,4,0.96,0
263,ROOMSERVICE,MEDIA,EN_CURSO,Pedido de hielo adicional,huesped_whatsapp,108,,2025-08-28T05:44:24,2025-08-28T06:44:24,2025-08-28T06:07:24,2025-08-28T07:03:24,,,12,4,0.72,1
264,MANTENCION,URGENTE,EN_CURSO,TV no enciende,housekeeping_whatsapp,121,,2025-07-24T11:11:24,2025-07-24T12:41:24,2025-07-24T11:56:24,2025-07-24T12:26:24,,,16,3,0.84,0
265,ROOMSERVICE,MEDIA,RESUELTO,Pedido de hielo adicional,mantenimiento_app,108,G108,2025-07-31T20:32:24,2025-07-31T21:32:24,2025-07-31T21:18:24,2025-07-31T22:12:24,,2025-07-31T23:18:24,9,3,0.92,0
266,HOUSEKEEPING,URGENTE,ASIGNADO,Cuna para bebé,mantenimiento_app,103,G103,2025-08-24T01:06:24,2025-08-24T01:51:24,,,,,20,4,0.86,0
267,MANTENCION,MEDIA,RESUELTO,Luz parpadea,recepcion,131,,2025-08-21T06:24:24,2025-08-21T14:24:24,2025-08-21T07:24:24,2025-08-21T07:48:24,,2025-08-21T10:42:24,13,3,0.75,0
268,ROOMSERVICE,ALTA,CANCELADO,Cena tardía: pasta y ensalada,huesped_whatsapp,120,,2025-08-27T16:47:24,2025-08-27T17:17:24,,,,,,5,0.74,0
269,ROOMSERVICE,BAJA,EN_CURSO,Tabla de quesos con vino,mantenimiento_app,134,,2025-07-23T11:35:24,2025-07-23T13:05:24,2025-07-23T12:04:24,2025-07-23T12:54:24,,,9,4,0.82,1
270,ROOMSERVICE,URGENTE,PENDIENTE,Cena tardía: pasta y ensalada,huesped_whatsapp,104,G104,2025-08-28T21:55:24,2025-08-28T22:15:24,,,,,,3,0.96,0
271,HOUSEKEEPING,MEDIA,EN_CURSO,Kit dental solicitado,recepcion,102,G102,2025-08-31T20:34:24,2025-08-31T23:34:24,2025-08-31T21:14:24,2025-08-31T21:56:24,,,11,6,0.84,0
272,HOUSEKEEPING,ALTA,DERIVADO,Limpieza adicional,recepcion,125,G125,2025-09-08T10:55:24,2025-09-08T12:25:24,,,,,11,4,0.87,0
273,HOUSEKEEPING,ALTA,EN_CURSO,Toallas adicionales,mantenimiento_app,109,,2025-09-11T02:00:24,2025-09-11T03:30:24,2025-09-11T02:26:24,2025-09-11T03:09:24,,,11,3,0.92,0
274,ROOMSERVICE,ALTA,EN_CURSO,Tabla de quesos con vino,housekeeping_whatsapp,130,G130,2025-08-29T20:19:24,2025-08-29T20:49:24,2025-08-29T21:02:24,2025-08-29T21:59:24,,,24,5,0.86,0
275,MANTENCION,MEDIA,DERIVADO,Ruido en aire,housekeeping_whatsapp,120,,2025-08-31T05:10:24,2025-08-31T13:10:24,,,,,13,3,0.99,0
276,HOUSEKEEPING,MEDIA,DERIVADO,Limpieza adicional,huesped_whatsapp,110,,2025-08-09T05:44:24,2025-08-09T08:44:24,,,,,20,3,0.79,0
277,MANTENCION,ALTA,DERIVADO,Cerradura no responde,housekeeping_whatsapp,127,G127,2025-07-21T13:57:24,2025-07-21T17:57:24,,,,,13,4,0.9,0
278,ROOMSERVICE,ALTA,EN_CURSO,Postre: cheesecake y fruta,housekeeping_whatsapp,111,,2025-09-07T04:18:24,2025-09-07T04:48:24,2025-09-07T04:34:24,2025-09-07T05:09:24,,,15,4,0.69,0
279,ROOMSERVICE,ALTA,ASIGNADO,Postre: cheesecake y fruta,recepcion,115,G115,2025-08-15T07:38:24,2025-08-15T08:08:24,,,,,15,6,0.78,0
280,HOUSEKEEPING,URGENTE,EN_CURSO,Batas de baño adicionales,recepcion,131,,2025-09-01T22:06:24,2025-09-01T22:51:24,2025-09-01T22:40:24,2025-09-01T23:18:24,,,23,3,0.75,1
281,MANTENCION,BAJA,ASIGNADO,Wifi inestable,mantenimiento_app,110,G110,2025-08-03T18:47:24,2025-08-04T18:47:24,,,,,16,3,0.76,0
282,HOUSEKEEPING,ALTA,PENDIENTE,Limpieza adicional,huesped_whatsapp,111,,2025-08-01T18:54:24,2025-08-01T20:24:24,,,,,,6,0.92,0
283,MANTENCION,ALTA,PAUSADO,Wifi inestable,mantenimiento_app,131,G131,2025-07-21T19:12:24,2025-07-21T23:12:24,2025-07-21T19:45:24,2025-07-21T19:50:24,2025-07-21T20:15:24,,22,4,0.91,0
284,MANTENCION,ALTA,PAUSADO,Luz parpadea,huesped_whatsapp,123,G123,2025-07-27T17:10:24,2025-07-27T21:10:24,2025-07-27T17:57:24,2025-07-27T18:21:24,2025-07-27T18:36:24,,19,6,0.67,1
285,HOUSEKEEPING,MEDIA,EN_CURSO,Plancha solicitada,housekeeping_whatsapp,128,,2025-07-30T13:04:24,2025-07-30T16:04:24,2025-07-30T13:36:24,2025-07-30T14:29:24,,,17,5,0.71,0
286,HOUSEKEEPING,BAJA,ASIGNADO,Pedido de almohadas extra,huesped_whatsapp,102,,2025-08-02T17:57:24,2025-08-02T23:57:24,,,,,14,3,0.89,0
287,HOUSEKEEPING,URGENTE,ASIGNADO,Plancha solicitada,recepcion,139,,2025-07-28T04:58:24,2025-07-28T05:43:24,,,,,8,3,0.88,0
288,HOUSEKEEPING,BAJA,ASIGNADO,Pedido de almohadas extra,huesped_whatsapp,101,G101,2025-07-27T13:23:24,2025-07-27T19:23:24,,,,,20,5,0.86,1
289,MANTENCION,MEDIA,PAUSADO,Cerradura no responde,recepcion,107,G107,2025-09-11T19:11:24,2025-09-12T03:11:24,2025-09-11T19:37:24,2025-09-11T20:35:24,2025-09-11T21:13:24,,25,4,0.98,0
290,HOUSEKEEPING,MEDIA,PENDIENTE,Cuna para bebé,huesped_whatsapp,131,G131,2025-07-18T14:46:24,2025-07-18T17:46:24,,,,,,3,0.88,0
291,ROOMSERVICE,ALTA,PENDIENTE,Desayuno a la habitación,recepcion,107,,2025-09-15T00:22:24,2025-09-15T00:52:24,,,,,,4,0.81,0
292,HOUSEKEEPING,MEDIA,PENDIENTE,Pedido de almohadas extra,recepcion,119,G119,2025-08-15T19:55:24,2025-08-15T22:55:24,,,,,,6,0.9,1
293,MANTENCION,BAJA,PENDIENTE,TV no enciende,housekeeping_whatsapp,123,,2025-09-12T23:09:24,2025-09-13T23:09:24,,,,,,5,0.95,1
294,HOUSEKEEPING,BAJA,EN_CURSO,Cuna para bebé,housekeeping_whatsapp,125,,2025-08-30T21:32:24,2025-08-31T03:32:24,2025-08-30T21:52:24,2025-08-30T22:04:24,,,23,6,0.7,0
295,MANTENCION,BAJA,RESUELTO,Baño con poca presión de agua,mantenimiento_app,112,,2025-08-20T00:10:24,2025-08-21T00:10:24,2025-08-20T01:03:24,2025-08-20T02:01:24,,2025-08-20T03:22:24,25,3,0.81,0
296,HOUSEKEEPING,MEDIA,PENDIENTE,Reposición de papel higiénico,recepcion,134,,2025-09-08T20:30:24,2025-09-08T23:30:24,,,,,,4,0.98,0
297,HOUSEKEEPING,MEDIA,DERIVADO,Batas de baño adicionales,recepcion,128,,2025-08-09T23:49:24,2025-08-10T02:49:24,,,,,14,6,0.88,0
298,MANTENCION,ALTA,EN_CURSO,Ventana no cierra bien,recepcion,101,,2025-08-01T15:36:24,2025-08-01T19:36:24,2025-08-01T16:17:24,2025-08-01T17:17:24,,,25,6,0.71,0
299,HOUSEKEEPING,BAJA,CANCELADO,Toallas adicionales,huesped_whatsapp,136,,2025-08-24T01:46:24,2025-08-24T07:46:24,,,,,,4,0.68,0
300,ROOMSERVICE,MEDIA,RESUELTO,Sándwich club y jugo natural,housekeeping_whatsapp,108,,2025-09-15T20:06:24,2025-09-15T21:06:24,2025-09-15T20:41:24,2025-09-15T21:12:24,,2025-09-15T21:45:24,9,3,0.84,1
301,MANTENCION,ALTA,RESUELTO,Cerradura no responde,huesped_whatsapp,130,,2025-08-20T10:32:24,2025-08-20T14:32:24,2025-08-20T10:56:24,2025-08-20T11:55:24,,2025-08-20T16:02:24,25,3,0.76,0
302,ROOMSERVICE,MEDIA,DERIVADO,Sándwich club y jugo natural,recepcion,107,,2025-08-07T13:12:24,2025-08-07T14:12:24,,,,,15,3,0.77,0
303,HOUSEKEEPING,MEDIA,ACEPTADO,Reponer amenities,recepcion,111,G111,2025-08-24T14:44:24,2025-08-24T17:44:24,2025-08-24T15:33:24,,,,14,3,0.72,1
304,HOUSEKEEPING,BAJA,RESUELTO,Cambio de sábanas,housekeeping_whatsapp,107,,2025-07-22T14:22:24,2025-07-22T20:22:24,2025-07-22T15:01:24,2025-07-22T15:48:24,,2025-07-22T21:04:24,17,3,0.98,1
305,HOUSEKEEPING,BAJA,DERIVADO,Plancha solicitada,mantenimiento_app,138,G138,2025-09-02T15:16:24,2025-09-02T21:16:24,,,,,23,4,0.85,0
306,MANTENCION,BAJA,DERIVADO,Ventana no cierra bien,housekeeping_whatsapp,133,,2025-08-25T11:23:24,2025-08-26T11:23:24,,,,,13,4,0.79,0
307,HOUSEKEEPING,MEDIA,PENDIENTE,Kit dental solicitado,housekeeping_whatsapp,136,,2025-09-06T18:07:24,2025-09-06T21:07:24,,,,,,4,0.72,0
308,HOUSEKEEPING,ALTA,RESUELTO,Pedido de almohadas extra,huesped_whatsapp,133,,2025-09-14T08:04:24,2025-09-14T09:34:24,2025-09-14T08:21:24,2025-09-14T09:14:24,,2025-09-14T12:29:24,23,5,0.84,0
309,ROOMSERVICE,ALTA,DERIVADO,Sopa caliente y pan,housekeeping_whatsapp,128,,2025-09-03T22:43:24,2025-09-03T23:13:24,,,,,9,3,0.78,1
310,MANTENCION,BAJA,RESUELTO,TV no enciende,housekeeping_whatsapp,117,G117,2025-07-24T00:18:24,2025-07-25T00:18:24,2025-07-24T01:16:24,2025-07-24T01:55:24,,2025-07-24T02:26:24,10,5,0.77,0
311,ROOMSERVICE,URGENTE,DERIVADO,Cena tardía: pasta y ensalada,mantenimiento_app,116,,2025-08-13T13:09:24,2025-08-13T13:29:24,,,,,18,3,0.78,0
312,ROOMSERVICE,MEDIA,EN_CURSO,Pedido de hamburguesa y papas,housekeeping_whatsapp,113,,2025-08-27T16:41:24,2025-08-27T17:41:24,2025-08-27T17:36:24,2025-08-27T18:26:24,,,24,4,0.87,0
313,ROOMSERVICE,ALTA,ASIGNADO,Cena tardía: pasta y ensalada,housekeeping_whatsapp,129,G129,2025-07-25T03:28:24,2025-07-25T03:58:24,,,,,12,4,0.9,1
314,MANTENCION,MEDIA,EN_CURSO,TV no enciende,huesped_whatsapp,138,,2025-07-18T21:07:24,2025-07-19T05:07:24,2025-07-18T22:02:24,2025-07-18T22:16:24,,,16,5,0.66,0
315,ROOMSERVICE,BAJA,RESUELTO,Pedido de hielo adicional,housekeeping_whatsapp,132,,2025-09-06T10:38:24,2025-09-06T12:08:24,2025-09-06T11:38:24,2025-09-06T12:28:24,,2025-09-06T15:25:24,9,5,0.83,0
316,ROOMSERVICE,BAJA,EN_CURSO,Tabla de quesos con vino,mantenimiento_app,106,G106,2025-08-06T18:52:24,2025-08-06T20:22:24,2025-08-06T19:25:24,2025-08-06T19:48:24,,,15,5,0.72,0
317,ROOMSERVICE,MEDIA,EN_CURSO,Pedido de hamburguesa y papas,recepcion,123,G123,2025-09-14T19:50:24,2025-09-14T20:50:24,2025-09-14T20:43:24,2025-09-14T21:08:24,,,9,4,0.78,0
318,MANTENCION,MEDIA,EN_CURSO,Cerradura no responde,recepcion,134,,2025-08-21T11:54:24,2025-08-21T19:54:24,2025-08-21T12:06:24,2025-08-21T12:29:24,,,16,6,0.96,1
319,ROOMSERVICE,BAJA,PENDIENTE,Sopa caliente y pan,recepcion,105,G105,2025-09-13T15:59:24,2025-09-13T17:29:24,,,,,,4,0.94,0
320,MANTENCION,BAJA,RESUELTO,Wifi inestable,recepcion,110,G110,2025-08-17T13:26:24,2025-08-18T13:26:24,2025-08-17T13:40:24,2025-08-17T13:48:24,,2025-08-17T15:34:24,7,3,0.92,0
321,ROOMSERVICE,ALTA,RESUELTO,Tabla de quesos con vino,mantenimiento_app,129,,2025-08-26T18:45:24,2025-08-26T19:15:24,2025-08-26T19:19:24,2025-08-26T20:07:24,,2025-08-26T21:22:24,9,5,0.83,0
322,ROOMSERVICE,BAJA,DERIVADO,Pedido de hamburguesa y papas,recepcion,123,,2025-07-28T00:39:24,2025-07-28T02:09:24,,,,,24,5,0.75,1
323,HOUSEKEEPING,MEDIA,RESUELTO,Toallas adicionales,mantenimiento_app,111,,2025-07-30T18:43:24,2025-07-30T21:43:24,2025-07-30T19:11:24,2025-07-30T19:56:24,,2025-07-30T21:24:24,20,6,0.75,0
324,ROOMSERVICE,ALTA,RESUELTO,Pedido de hamburguesa y papas,huesped_whatsapp,108,G108,2025-09-08T11:55:24,2025-09-08T12:25:24,2025-09-08T12:40:24,2025-09-08T12:50:24,,2025-09-08T15:41:24,21,6,0.72,0
325,ROOMSERVICE,MEDIA,EN_CURSO,Sopa caliente y pan,huesped_whatsapp,111,G111,2025-09-12T12:24:24,2025-09-12T13:24:24,2025-09-12T12:41:24,2025-09-12T12:57:24,,,12,5,0.88,0
326,MANTENCION,URGENTE,RESUELTO,Enchufe suelto,mantenimiento_app,136,G136,2025-07-24T11:57:24,2025-07-24T13:27:24,2025-07-24T12:19:24,2025-07-24T13:10:24,,2025-07-24T18:22:24,7,5,0.82,0
327,MANTENCION,ALTA,ASIGNADO,Cerradura no responde,recepcion,113,G113,2025-08-28T09:15:24,2025-08-28T13:15:24,,,,,19,5,0.87,0
328,MANTENCION,MEDIA,ACEPTADO,Ruido en aire,mantenimiento_app,111,G111,2025-08-09T18:34:24,2025-08-10T02:34:24,2025-08-09T19:31:24,,,,22,4,0.87,0
329,HOUSEKEEPING,BAJA,DERIVADO,Cuna para bebé,mantenimiento_app,129,G129,2025-08-15T04:06:24,2025-08-15T10:06:24,,,,,20,6,0.69,0
330,MANTENCION,ALTA,RESUELTO,TV no enciende,huesped_whatsapp,117,,2025-09-13T09:40:24,2025-09-13T13:40:24,2025-09-13T09:54:24,2025-09-13T10:00:24,,2025-09-13T14:34:24,22,3,0.86,0
331,ROOMSERVICE,MEDIA,PAUSADO,Pedido de hamburguesa y papas,housekeeping_whatsapp,135,,2025-09-05T11:44:24,2025-09-05T12:44:24,2025-09-05T12:43:24,2025-09-05T12:57:24,2025-09-05T13:25:24,,24,6,0.78,0
332,ROOMSERVICE,ALTA,ACEPTADO,Sándwich club y jugo natural,recepcion,126,G126,2025-07-19T07:56:24,2025-07-19T08:26:24,2025-07-19T08:49:24,,,,21,4,0.71,0
333,HOUSEKEEPING,BAJA,EN_CURSO,Batas de baño adicionales,huesped_whatsapp,131,,2025-07-22T01:05:24,2025-07-22T07:05:24,2025-07-22T01:29:24,2025-07-22T01:38:24,,,17,4,0.74,0
334,ROOMSERVICE,BAJA,RESUELTO,Postre: cheesecake y fruta,mantenimiento_app,131,,2025-07-22T14:14:24,2025-07-22T15:44:24,2025-07-22T14:44:24,2025-07-22T14:55:24,,2025-07-22T19:36:24,24,3,0.87,0
335,ROOMSERVICE,MEDIA,EN_CURSO,"Bebidas frías (2 aguas, 1 gaseosa)",mantenimiento_app,125,G125,2025-09-15T20:02:24,2025-09-15T21:02:24,2025-09-15T20:28:24,2025-09-15T20:57:24,,,21,3,0.98,0
336,HOUSEKEEPING,MEDIA,RESUELTO,Cuna para bebé,mantenimiento_app,139,G139,2025-07-31T00:22:24,2025-07-31T03:22:24,2025-07-31T00:46:24,2025-07-31T00:55:24,,2025-07-31T05:33:24,11,6,0.87,0
337,MANTENCION,BAJA,PAUSADO,Fuga de agua en baño,huesped_whatsapp,127,,2025-07-28T16:23:24,2025-07-29T16:23:24,2025-07-28T17:03:24,2025-07-28T17:38:24,2025-07-28T17:56:24,,22,6,0.85,0
338,HOUSEKEEPING,BAJA,PENDIENTE,Batas de baño adicionales,huesped_whatsapp,109,,2025-07-21T22:24:24,2025-07-22T04:24:24,,,,,,4,0.67,0
339,MANTENCION,MEDIA,EN_CURSO,Ventana no cierra bien,recepcion,119,,2025-08-07T01:57:24,2025-08-07T09:57:24,2025-08-07T02:37:24,2025-08-07T03:37:24,,,19,6,0.81,0
340,HOUSEKEEPING,ALTA,RESUELTO,Pedido de almohadas extra,housekeeping_whatsapp,111,,2025-08-18T13:22:24,2025-08-18T14:52:24,2025-08-18T14:09:24,2025-08-18T14:18:24,,2025-08-18T16:30:24,20,6,0.78,1
341,MANTENCION,BAJA,RESUELTO,Enchufe suelto,mantenimiento_app,110,,2025-08-03T12:23:24,2025-08-04T12:23:24,2025-08-03T13:11:24,2025-08-03T13:18:24,,2025-08-03T18:05:24,19,6,0.82,1
342,HOUSEKEEPING,ALTA,RESUELTO,Plancha solicitada,recepcion,128,,2025-08-21T01:54:24,2025-08-21T03:24:24,2025-08-21T02:37:24,2025-08-21T03:09:24,,2025-08-21T05:21:24,23,3,0.97,0
343,HOUSEKEEPING,MEDIA,RESUELTO,Batas de baño adicionales,recepcion,128,G128,2025-08-30T19:07:24,2025-08-30T22:07:24,2025-08-30T19:35:24,2025-08-30T20:18:24,,2025-08-31T01:11:24,8,4,0.79,1
344,ROOMSERVICE,ALTA,PENDIENTE,Sopa caliente y pan,recepcion,134,G134,2025-09-15T22:40:24,2025-09-15T23:10:24,,,,,,4,0.88,0
345,HOUSEKEEPING,BAJA,EN_CURSO,Batas de baño adicionales,housekeeping_whatsapp,117,,2025-08-25T22:05:24,2025-08-26T04:05:24,2025-08-25T22:32:24,2025-08-25T23:20:24,,,20,5,0.79,0
346,ROOMSERVICE,ALTA,EN_CURSO,Postre: cheesecake y fruta,mantenimiento_app,117,,2025-09-08T22:41:24,2025-09-08T23:11:24,2025-09-08T23:16:24,2025-09-09T00:08:24,,,24,5,0.7,0
347,MANTENCION,ALTA,EN_CURSO,TV no enciende,recepcion,114,,2025-08-18T04:07:24,2025-08-18T08:07:24,2025-08-18T04:41:24,2025-08-18T05:26:24,,,10,3,0.65,1
348,MANTENCION,MEDIA,PAUSADO,Fuga de agua en baño,recepcion,117,G117,2025-07-25T15:38:24,2025-07-25T23:38:24,2025-07-25T16:12:24,2025-07-25T16:42:24,2025-07-25T17:20:24,,22,3,0.75,0
349,MANTENCION,URGENTE,RESUELTO,Baño con poca presión de agua,mantenimiento_app,101,G101,2025-09-16T03:47:24,2025-09-16T05:17:24,2025-09-16T03:59:24,2025-09-16T04:54:24,,2025-09-16T10:15:24,10,5,0.82,0
350,ROOMSERVICE,BAJA,PENDIENTE,Cena tardía: pasta y ensalada,recepcion,111,G111,2025-08-12T11:35:24,2025-08-12T13:05:24,,,,,,6,0.77,0
351,ROOMSERVICE,BAJA,PENDIENTE,Desayuno a la habitación,recepcion,136,G136,2025-09-07T06:12:24,2025-09-07T07:42:24,,,,,,5,0.77,0
352,MANTENCION,ALTA,ASIGNADO,Wifi inestable,recepcion,117,G117,2025-09-02T10:41:24,2025-09-02T14:41:24,,,,,19,3,0.67,0
353,MANTENCION,ALTA,RESUELTO,Enchufe suelto,housekeeping_whatsapp,129,,2025-09-07T15:03:24,2025-09-07T19:03:24,2025-09-07T15:28:24,2025-09-07T16:21:24,,2025-09-07T19:29:24,25,6,0.98,0
354,HOUSEKEEPING,URGENTE,RESUELTO,Cuna para bebé,recepcion,117,G117,2025-09-14T01:03:24,2025-09-14T01:48:24,2025-09-14T01:57:24,2025-09-14T02:16:24,,2025-09-14T05:12:24,23,4,0.79,0
355,ROOMSERVICE,BAJA,RESUELTO,Cena tardía: pasta y ensalada,housekeeping_whatsapp,106,G106,2025-08-18T11:53:24,2025-08-18T13:23:24,2025-08-18T12:14:24,2025-08-18T12:49:24,,2025-08-18T15:44:24,21,3,0.77,0
356,HOUSEKEEPING,BAJA,DERIVADO,Cambio de sábanas,mantenimiento_app,113,G113,2025-08-09T09:34:24,2025-08-09T15:34:24,,,,,11,5,0.73,0
357,ROOMSERVICE,MEDIA,RESUELTO,Desayuno a la habitación,recepcion,132,,2025-09-05T15:40:24,2025-09-05T16:40:24,2025-09-05T16:13:24,2025-09-05T16:57:24,,2025-09-05T19:53:24,18,3,0.82,0
358,ROOMSERVICE,URGENTE,EN_CURSO,Sopa caliente y pan,housekeeping_whatsapp,126,G126,2025-09-08T20:32:24,2025-09-08T20:52:24,2025-09-08T21:15:24,2025-09-08T22:11:24,,,9,4,0.79,0
359,MANTENCION,MEDIA,EN_CURSO,TV no enciende,mantenimiento_app,108,,2025-08-29T05:50:24,2025-08-29T13:50:24,2025-08-29T06:00:24,2025-08-29T06:05:24,,,22,5,0.88,0
360,MANTENCION,MEDIA,PAUSADO,Cerradura no responde,huesped_whatsapp,136,G136,2025-08-11T21:19:24,2025-08-12T05:19:24,2025-08-11T21:50:24,2025-08-11T22:18:24,2025-08-11T22:34:24,,19,6,0.82,0
361,ROOMSERVICE,ALTA,ACEPTADO,Tabla de quesos con vino,housekeeping_whatsapp,129,G129,2025-07-30T07:16:24,2025-07-30T07:46:24,2025-07-30T08:12:24,,,,9,4,0.74,0
362,HOUSEKEEPING,URGENTE,ASIGNADO,Pedido de almohadas extra,mantenimiento_app,101,G101,2025-09-01T20:11:24,2025-09-01T20:56:24,,,,,23,4,0.83,0
363,HOUSEKEEPING,MEDIA,EN_CURSO,Batas de baño adicionales,recepcion,126,G126,2025-08-02T05:37:24,2025-08-02T08:37:24,2025-08-02T06:03:24,2025-08-02T06:38:24,,,11,3,0.94,1
364,ROOMSERVICE,MEDIA,ACEPTADO,Sopa caliente y pan,housekeeping_whatsapp,123,G123,2025-07-29T09:38:24,2025-07-29T10:38:24,2025-07-29T10:26:24,,,,24,5,0.72,0
365,ROOMSERVICE,MEDIA,CANCELADO,Café y té para dos,housekeeping_whatsapp,121,,2025-08-31T17:44:24,2025-08-31T18:44:24,,,,,,6,0.95,0
366,HOUSEKEEPING,MEDIA,RESUELTO,Pedido de almohadas extra,housekeeping_whatsapp,127,,2025-09-08T09:33:24,2025-09-08T12:33:24,2025-09-08T09:48:24,2025-09-08T10:03:24,,2025-09-08T13:13:24,8,6,0.73,0
367,HOUSEKEEPING,ALTA,PAUSADO,Kit dental solicitado,housekeeping_whatsapp,129,,2025-08-20T10:08:24,2025-08-20T11:38:24,2025-08-20T10:28:24,2025-08-20T10:44:24,2025-08-20T10:50:24,,17,6,0.69,0
368,HOUSEKEEPING,URGENTE,DERIVADO,Reponer amenities,huesped_whatsapp,111,G111,2025-07-27T01:32:24,2025-07-27T02:17:24,,,,,17,3,0.84,1
369,HOUSEKEEPING,MEDIA,CANCELADO,Reponer amenities,housekeeping_whatsapp,110,G110,2025-08-22T20:25:24,2025-08-22T23:25:24,,,,,,5,0.73,0
370,HOUSEKEEPING,ALTA,PENDIENTE,Pedido de almohadas extra,recepcion,103,,2025-08-16T23:12:24,2025-08-17T00:42:24,,,,,,6,0.81,0
371,HOUSEKEEPING,MEDIA,PENDIENTE,Plancha solicitada,huesped_whatsapp,138,,2025-09-13T19:20:24,2025-09-13T22:20:24,,,,,,6,0.83,0
372,HOUSEKEEPING,URGENTE,EN_CURSO,Cambio de sábanas,recepcion,129,G129,2025-08-24T21:16:24,2025-08-24T22:01:24,2025-08-24T21:45:24,2025-08-24T21:50:24,,,11,5,0.65,0
373,MANTENCION,MEDIA,EN_CURSO,Sin aire acondicionado,mantenimiento_app,131,G131,2025-08-26T13:06:24,2025-08-26T21:06:24,2025-08-26T13:30:24,2025-08-26T14:25:24,,,19,5,0.65,0
374,HOUSEKEEPING,URGENTE,EN_CURSO,Cambio de sábanas,huesped_whatsapp,125,,2025-08-07T10:41:24,2025-08-07T11:26:24,2025-08-07T11:18:24,2025-08-07T12:03:24,,,8,5,0.73,0
375,ROOMSERVICE,ALTA,DERIVADO,Café y té para dos,housekeeping_whatsapp,127,G127,2025-07-24T14:21:24,2025-07-24T14:51:24,,,,,12,4,0.75,0
376,ROOMSERVICE,MEDIA,DERIVADO,Sándwich club y jugo natural,huesped_whatsapp,121,G121,2025-07-22T21:13:24,2025-07-22T22:13:24,,,,,12,3,0.98,0
377,MANTENCION,ALTA,DERIVADO,Luz parpadea,recepcion,110,G110,2025-08-07T03:15:24,2025-08-07T07:15:24,,,,,16,5,0.76,0
378,HOUSEKEEPING,MEDIA,RESUELTO,Reposición de papel higiénico,recepcion,110,G110,2025-08-23T02:03:24,2025-08-23T05:03:24,2025-08-23T02:43:24,2025-08-23T02:59:24,,2025-08-23T04:52:24,20,3,0.95,0
379,HOUSEKEEPING,ALTA,PENDIENTE,Cambio de sábanas,mantenimiento_app,129,G129,2025-07-21T10:00:24,2025-07-21T11:30:24,,,,,,4,0.81,0
380,ROOMSERVICE,ALTA,ASIGNADO,Tabla de quesos con vino,housekeeping_whatsapp,121,G121,2025-07-22T04:57:24,2025-07-22T05:27:24,,,,,15,3,0.81,0
381,HOUSEKEEPING,URGENTE,RESUELTO,Cambio de sábanas,recepcion,116,,2025-08-16T21:42:24,2025-08-16T22:27:24,2025-08-16T22:42:24,2025-08-16T23:04:24,,2025-08-17T04:18:24,11,3,0.69,0
382,MANTENCION,URGENTE,PAUSADO,Baño con poca presión de agua,huesped_whatsapp,124,,2025-08-10T00:08:24,2025-08-10T01:38:24,2025-08-10T00:23:24,2025-08-10T01:11:24,2025-08-10T01:37:24,,16,4,0.97,0
383,ROOMSERVICE,BAJA,ACEPTADO,"Bebidas frías (2 aguas, 1 gaseosa)",recepcion,109,G109,2025-08-16T04:43:24,2025-08-16T06:13:24,2025-08-16T05:39:24,,,,18,5,0.72,0
384,HOUSEKEEPING,ALTA,ASIGNADO,Toallas adicionales,mantenimiento_app,129,,2025-09-05T18:25:24,2025-09-05T19:55:24,,,,,11,6,0.84,0
385,HOUSEKEEPING,ALTA,ACEPTADO,Batas de baño adicionales,huesped_whatsapp,105,,2025-08-28T06:29:24,2025-08-28T07:59:24,2025-08-28T07:13:24,,,,14,5,0.77,1
386,ROOMSERVICE,MEDIA,DERIVADO,Pedido de hamburguesa y papas,housekeeping_whatsapp,116,G116,2025-07-24T03:10:24,2025-07-24T04:10:24,,,,,12,6,0.83,0
387,ROOMSERVICE,BAJA,ACEPTADO,Tabla de quesos con vino,housekeeping_whatsapp,108,G108,2025-09-16T08:10:24,2025-09-16T09:40:24,2025-09-16T08:28:24,,,,9,3,0.71,1
388,MANTENCION,MEDIA,PENDIENTE,Ventana no cierra bien,mantenimiento_app,132,,2025-09-10T02:19:24,2025-09-10T10:19:24,,,,,,5,0.67,0
389,ROOMSERVICE,BAJA,RESUELTO,Cena tardía: pasta y ensalada,mantenimiento_app,106,G106,2025-09-14T12:32:24,2025-09-14T14:02:24,2025-09-14T13:17:24,2025-09-14T14:09:24,,2025-09-14T17:56:24,15,3,0.93,0
390,MANTENCION,ALTA,ASIGNADO,Sin aire acondicionado,recepcion,120,G120,2025-08-07T00:26:24,2025-08-07T04:26:24,,,,,7,3,0.9,0
391,MANTENCION,BAJA,DERIVADO,Ventana no cierra bien,huesped_whatsapp,136,,2025-08-25T03:47:24,2025-08-26T03:47:24,,,,,25,3,0.87,0
392,HOUSEKEEPING,ALTA,EN_CURSO,Reponer amenities,huesped_whatsapp,112,,2025-09-02T07:19:24,2025-09-02T08:49:24,2025-09-02T07:39:24,2025-09-02T08:18:24,,,23,5,0.99,0
393,HOUSEKEEPING,URGENTE,EN_CURSO,Reposición de papel higiénico,housekeeping_whatsapp,127,,2025-08-26T13:26:24,2025-08-26T14:11:24,2025-08-26T13:51:24,2025-08-26T14:32:24,,,20,5,0.84,0
394,ROOMSERVICE,URGENTE,ASIGNADO,Sándwich club y jugo natural,mantenimiento_app,126,G126,2025-07-21T12:31:24,2025-07-21T12:51:24,,,,,21,5,0.66,1
395,HOUSEKEEPING,BAJA,CANCELADO,Cambio de sábanas,housekeeping_whatsapp,102,,2025-08-12T11:38:24,2025-08-12T17:38:24,,,,,,4,0.68,0
396,MANTENCION,BAJA,ACEPTADO,Ventana no cierra bien,huesped_whatsapp,115,G115,2025-08-14T16:49:24,2025-08-15T16:49:24,2025-08-14T17:24:24,,,,19,3,0.84,0
397,MANTENCION,ALTA,RESUELTO,TV no enciende,mantenimiento_app,137,,2025-07-27T01:07:24,2025-07-27T05:07:24,2025-07-27T02:03:24,2025-07-27T02:59:24,,2025-07-27T08:09:24,7,5,0.78,0
398,HOUSEKEEPING,MEDIA,RESUELTO,Kit dental solicitado,recepcion,115,,2025-09-11T04:32:24,2025-09-11T07:32:24,2025-09-11T05:31:24,2025-09-11T06:16:24,,2025-09-11T09:46:24,23,3,0.67,0
399,HOUSEKEEPING,MEDIA,PENDIENTE,Plancha solicitada,huesped_whatsapp,110,G110,2025-08-23T03:03:24,2025-08-23T06:03:24,,,,,,6,0.91,0
400,MANTENCION,BAJA,ACEPTADO,Wifi inestable,huesped_whatsapp,109,G109,2025-08-30T16:19:24,2025-08-31T16:19:24,2025-08-30T16:54:24,,,,19,3,0.74,0
401,HOUSEKEEPING,ALTA,PENDIENTE,Pedido de almohadas extra,mantenimiento_app,136,G136,2025-08-23T08:23:24,2025-08-23T09:53:24,,,,,,4,0.84,0
402,ROOMSERVICE,BAJA,PENDIENTE,Tabla de quesos con vino,housekeeping_whatsapp,137,G137,2025-08-25T00:17:24,2025-08-25T01:47:24,,,,,,6,0.77,1
403,HOUSEKEEPING,MEDIA,PENDIENTE,Limpieza adicional,huesped_whatsapp,123,,2025-08-27T14:49:24,2025-08-27T17:49:24,,,,,,4,0.8,0
404,MANTENCION,BAJA,ACEPTADO,Fuga de agua en baño,recepcion,104,G104,2025-09-12T21:24:24,2025-09-13T21:24:24,2025-09-12T21:52:24,,,,25,4,0.65,0
405,MANTENCION,MEDIA,EN_CURSO,Ruido en aire,huesped_whatsapp,135,G135,2025-09-06T02:28:24,2025-09-06T10:28:24,2025-09-06T03:08:24,2025-09-06T03:52:24,,,19,5,0.9,1
406,ROOMSERVICE,ALTA,ACEPTADO,Sopa caliente y pan,recepcion,117,G117,2025-08-13T05:14:24,2025-08-13T05:44:24,2025-08-13T06:03:24,,,,24,4,0.74,0
407,MANTENCION,BAJA,DERIVADO,Ruido en aire,recepcion,102,G102,2025-09-15T11:27:24,2025-09-16T11:27:24,,,,,10,6,0.98,0
408,ROOMSERVICE,BAJA,ACEPTADO,Pedido de hielo adicional,recepcion,112,G112,2025-08-29T01:17:24,2025-08-29T02:47:24,2025-08-29T01:42:24,,,,9,3,0.96,0
409,HOUSEKEEPING,MEDIA,ASIGNADO,Reposición de papel higiénico,housekeeping_whatsapp,123,,2025-08-08T20:47:24,2025-08-08T23:47:24,,,,,8,5,0.86,0
410,MANTENCION,URGENTE,RESUELTO,Luz parpadea,huesped_whatsapp,122,,2025-09-16T03:53:24,2025-09-16T05:23:24,2025-09-16T04:49:24,2025-09-16T05:18:24,,2025-09-16T09:59:24,7,4,0.98,0
411,ROOMSERVICE,ALTA,EN_CURSO,Pedido de hielo adicional,huesped_whatsapp,128,,2025-09-11T11:14:24,2025-09-11T11:44:24,2025-09-11T11:58:24,2025-09-11T12:11:24,,,18,5,0.72,1
412,ROOMSERVICE,ALTA,ASIGNADO,"Bebidas frías (2 aguas, 1 gaseosa)",housekeeping_whatsapp,134,,2025-08-26T12:17:24,2025-08-26T12:47:24,,,,,24,4,0.97,0
413,HOUSEKEEPING,BAJA,EN_CURSO,Reponer amenities,huesped_whatsapp,121,,2025-07-31T14:41:24,2025-07-31T20:41:24,2025-07-31T15:17:24,2025-07-31T15:48:24,,,14,3,0.75,0
414,ROOMSERVICE,URGENTE,ACEPTADO,Cena tardía: pasta y ensalada,recepcion,109,G109,2025-09-12T01:41:24,2025-09-12T02:01:24,2025-09-12T02:27:24,,,,21,5,0.86,0
415,MANTENCION,ALTA,ACEPTADO,Baño con poca presión de agua,huesped_whatsapp,133,,2025-08-30T00:49:24,2025-08-30T04:49:24,2025-08-30T01:23:24,,,,10,5,0.82,1
416,MANTENCION,BAJA,EN_CURSO,Sin aire acondicionado,housekeeping_whatsapp,127,G127,2025-08-05T19:53:24,2025-08-06T19:53:24,2025-08-05T20:14:24,2025-08-05T20:47:24,,,7,4,0.94,0
417,HOUSEKEEPING,URGENTE,RESUELTO,Kit dental solicitado,mantenimiento_app,103,,2025-08-21T23:44:24,2025-08-22T00:29:24,2025-08-22T00:33:24,2025-08-22T01:25:24,,2025-08-22T06:32:24,17,5,0.85,0
418,ROOMSERVICE,ALTA,EN_CURSO,Sándwich club y jugo natural,mantenimiento_app,103,,2025-08-09T17:35:24,2025-08-09T18:05:24,2025-08-09T17:47:24,2025-08-09T18:27:24,,,24,6,0.78,0
419,MANTENCION,BAJA,EN_CURSO,Cerradura no responde,housekeeping_whatsapp,130,G130,2025-08-14T03:58:24,2025-08-15T03:58:24,2025-08-14T04:41:24,2025-08-14T04:55:24,,,22,3,0.81,0
420,MANTENCION,ALTA,PENDIENTE,Ventana no cierra bien,huesped_whatsapp,126,G126,2025-08-28T09:46:24,2025-08-28T13:46:24,,,,,,3,0.71,0
421,ROOMSERVICE,URGENTE,RESUELTO,Desayuno a la habitación,housekeeping_whatsapp,121,,2025-08-02T07:03:24,2025-08-02T07:23:24,2025-08-02T07:20:24,2025-08-02T08:10:24,,2025-08-02T12:15:24,9,3,0.87,1
422,ROOMSERVICE,MEDIA,RESUELTO,Sopa caliente y pan,huesped_whatsapp,125,,2025-07-22T08:42:24,2025-07-22T09:42:24,2025-07-22T09:28:24,2025-07-22T10:28:24,,2025-07-22T16:20:24,15,4,0.94,1
423,MANTENCION,BAJA,DERIVADO,Wifi inestable,housekeeping_whatsapp,120,,2025-08-27T23:39:24,2025-08-28T23:39:24,,,,,22,5,0.71,0
424,MANTENCION,BAJA,RESUELTO,Sin aire acondicionado,mantenimiento_app,132,,2025-09-05T20:05:24,2025-09-06T20:05:24,2025-09-05T20:46:24,2025-09-05T21:06:24,,2025-09-05T23:12:24,19,3,0.85,0
425,HOUSEKEEPING,MEDIA,PAUSADO,Toallas adicionales,huesped_whatsapp,136,G136,2025-09-13T14:04:24,2025-09-13T17:04:24,2025-09-13T14:25:24,2025-09-13T14:39:24,2025-09-13T14:47:24,,8,4,0.87,1
426,MANTENCION,ALTA,RESUELTO,Cerradura no responde,housekeeping_whatsapp,106,G106,2025-08-25T07:39:24,2025-08-25T11:39:24,2025-08-25T08:32:24,2025-08-25T08:55:24,,2025-08-25T14:22:24,10,4,0.87,0
427,ROOMSERVICE,ALTA,ASIGNADO,Sándwich club y jugo natural,housekeeping_whatsapp,103,G103,2025-08-14T14:37:24,2025-08-14T15:07:24,,,,,15,5,0.96,0
428,HOUSEKEEPING,ALTA,PENDIENTE,Cuna para bebé,huesped_whatsapp,108,,2025-08-12T08:16:24,2025-08-12T09:46:24,,,,,,5,0.83,0
429,ROOMSERVICE,BAJA,PENDIENTE,Pedido de hielo adicional,recepcion,131,,2025-09-11T09:57:24,2025-09-11T11:27:24,,,,,,5,0.8,0
430,HOUSEKEEPING,MEDIA,CANCELADO,Reposición de papel higiénico,huesped_whatsapp,137,G137,2025-09-13T21:06:24,2025-09-14T00:06:24,,,,,,6,0.82,1
431,ROOMSERVICE,BAJA,ACEPTADO,Cena tardía: pasta y ensalada,recepcion,108,G108,2025-09-13T07:08:24,2025-09-13T08:38:24,2025-09-13T07:31:24,,,,24,3,0.92,0
432,HOUSEKEEPING,BAJA,ACEPTADO,Cambio de sábanas,recepcion,113,,2025-08-10T12:35:24,2025-08-10T18:35:24,2025-08-10T13:04:24,,,,14,3,0.82,0
433,MANTENCION,BAJA,ACEPTADO,Wifi inestable,recepcion,112,G112,2025-08-18T03:02:24,2025-08-19T03:02:24,2025-08-18T03:14:24,,,,16,6,0.87,0
434,ROOMSERVICE,MEDIA,RESUELTO,Postre: cheesecake y fruta,mantenimiento_app,127,,2025-07-23T11:10:24,2025-07-23T12:10:24,2025-07-23T12:06:24,2025-07-23T12:54:24,,2025-07-23T15:50:24,21,5,0.84,1
435,ROOMSERVICE,ALTA,RESUELTO,Postre: cheesecake y fruta,recepcion,110,G110,2025-07-21T04:53:24,2025-07-21T05:23:24,2025-07-21T05:43:24,2025-07-21T06:22:24,,2025-07-21T08:01:24,18,5,0.84,0
436,ROOMSERVICE,BAJA,RESUELTO,Café y té para dos,housekeeping_whatsapp,103,G103,2025-07-26T06:24:24,2025-07-26T07:54:24,2025-07-26T06:57:24,2025-07-26T07:30:24,,2025-07-26T10:19:24,12,6,0.72,0
437,MANTENCION,MEDIA,PENDIENTE,Luz parpadea,recepcion,129,,2025-08-31T07:11:24,2025-08-31T15:11:24,,,,,,4,0.71,0
438,ROOMSERVICE,URGENTE,ACEPTADO,Postre: cheesecake y fruta,huesped_whatsapp,107,,2025-09-03T08:20:24,2025-09-03T08:40:24,2025-09-03T09:16:24,,,,12,4,0.66,0
439,ROOMSERVICE,BAJA,ACEPTADO,Pedido de hamburguesa y papas,recepcion,122,G122,2025-07-22T13:35:24,2025-07-22T15:05:24,2025-07-22T14:34:24,,,,21,3,0.87,0
440,ROOMSERVICE,ALTA,PAUSADO,Cena tardía: pasta y ensalada,housekeeping_whatsapp,113,G113,2025-08-12T13:09:24,2025-08-12T13:39:24,2025-08-12T14:01:24,2025-08-12T14:13:24,2025-08-12T14:35:24,,18,5,0.7,0
441,MANTENCION,URGENTE,EN_CURSO,Fuga de agua en baño,huesped_whatsapp,135,G135,2025-08-16T08:32:24,2025-08-16T10:02:24,2025-08-16T09:27:24,2025-08-16T10:23:24,,,10,5,0.75,0
442,MANTENCION,MEDIA,RESUELTO,Enchufe suelto,mantenimiento_app,104,G104,2025-08-30T05:08:24,2025-08-30T13:08:24,2025-08-30T05:42:24,2025-08-30T05:50:24,,2025-08-30T06:49:24,7,3,0.79,1
443,ROOMSERVICE,URGENTE,PAUSADO,Sándwich club y jugo natural,housekeeping_whatsapp,120,G120,2025-08-05T09:39:24,2025-08-05T09:59:24,2025-08-05T10:25:24,2025-08-05T10:38:24,2025-08-05T10:48:24,,18,3,0.93,0
444,HOUSEKEEPING,BAJA,ACEPTADO,Cuna para bebé,mantenimiento_app,115,,2025-07-31T10:45:24,2025-07-31T16:45:24,2025-07-31T11:20:24,,,,14,5,0.71,0
445,HOUSEKEEPING,ALTA,RESUELTO,Cuna para bebé,mantenimiento_app,102,G102,2025-07-28T15:24:24,2025-07-28T16:54:24,2025-07-28T16:03:24,2025-07-28T17:02:24,,2025-07-28T18:44:24,17,5,0.75,0
446,ROOMSERVICE,BAJA,PENDIENTE,Desayuno a la habitación,housekeeping_whatsapp,136,,2025-08-14T20:47:24,2025-08-14T22:17:24,,,,,,6,0.79,0
447,ROOMSERVICE,BAJA,ASIGNADO,Sándwich club y jugo natural,mantenimiento_app,105,G105,2025-09-10T03:47:24,2025-09-10T05:17:24,,,,,18,6,0.84,0
448,ROOMSERVICE,BAJA,DERIVADO,Desayuno a la habitación,mantenimiento_app,108,,2025-08-29T12:02:24,2025-08-29T13:32:24,,,,,21,5,0.68,0
449,HOUSEKEEPING,URGENTE,PENDIENTE,Reponer amenities,mantenimiento_app,121,G121,2025-07-23T23:06:24,2025-07-23T23:51:24,,,,,,3,0.72,1
450,ROOMSERVICE,URGENTE,PAUSADO,Pedido de hamburguesa y papas,huesped_whatsapp,110,G110,2025-08-13T21:35:24,2025-08-13T21:55:24,2025-08-13T22:21:24,2025-08-13T22:54:24,2025-08-13T23:11:24,,21,6,0.72,0
451,HOUSEKEEPING,MEDIA,RESUELTO,Limpieza adicional,mantenimiento_app,123,,2025-09-09T09:47:24,2025-09-09T12:47:24,2025-09-09T10:29:24,2025-09-09T10:59:24,,2025-09-09T12:19:24,20,3,0.94,1
452,ROOMSERVICE,URGENTE,PENDIENTE,Sopa caliente y pan,housekeeping_whatsapp,108,,2025-07-21T04:55:24,2025-07-21T05:15:24,,,,,,4,0.8,0
453,ROOMSERVICE,MEDIA,ACEPTADO,Tabla de quesos con vino,mantenimiento_app,135,G135,2025-08-03T03:37:24,2025-08-03T04:37:24,2025-08-03T03:59:24,,,,12,6,0.84,0
454,HOUSEKEEPING,ALTA,ASIGNADO,Pedido de almohadas extra,huesped_whatsapp,101,G101,2025-07-19T19:06:24,2025-07-19T20:36:24,,,,,23,4,0.95,0
455,MANTENCION,BAJA,PAUSADO,Wifi inestable,mantenimiento_app,139,,2025-09-13T02:18:24,2025-09-14T02:18:24,2025-09-13T03:00:24,2025-09-13T03:32:24,2025-09-13T04:12:24,,16,4,0.93,0
456,MANTENCION,BAJA,PAUSADO,Ventana no cierra bien,mantenimiento_app,116,,2025-08-11T20:59:24,2025-08-12T20:59:24,2025-08-11T21:45:24,2025-08-11T22:13:24,2025-08-11T22:20:24,,19,6,0.98,0
457,ROOMSERVICE,MEDIA,PAUSADO,Desayuno a la habitación,huesped_whatsapp,134,,2025-08-12T19:12:24,2025-08-12T20:12:24,2025-08-12T19:27:24,2025-08-12T20:05:24,2025-08-12T20:15:24,,21,6,0.73,0
458,ROOMSERVICE,URGENTE,PENDIENTE,Sopa caliente y pan,housekeeping_whatsapp,104,,2025-09-05T01:35:24,2025-09-05T01:55:24,,,,,,3,0.81,0
459,HOUSEKEEPING,MEDIA,ACEPTADO,Reposición de papel higiénico,housekeeping_whatsapp,119,G119,2025-09-10T18:21:24,2025-09-10T21:21:24,2025-09-10T19:21:24,,,,23,5,0.84,1
460,HOUSEKEEPING,MEDIA,PAUSADO,Limpieza adicional,recepcion,119,G119,2025-07-29T21:50:24,2025-07-30T00:50:24,2025-07-29T22:16:24,2025-07-29T22:29:24,2025-07-29T22:51:24,,14,3,0.74,0
461,ROOMSERVICE,BAJA,ASIGNADO,Pedido de hielo adicional,huesped_whatsapp,129,G129,2025-08-03T07:57:24,2025-08-03T09:27:24,,,,,24,5,0.73,1
462,ROOMSERVICE,URGENTE,ACEPTADO,Desayuno a la habitación,huesped_whatsapp,139,,2025-08-01T09:32:24,2025-08-01T09:52:24,2025-08-01T10:31:24,,,,18,6,0.78,0
463,ROOMSERVICE,ALTA,ASIGNADO,Postre: cheesecake y fruta,recepcion,117,,2025-07-28T22:11:24,2025-07-28T22:41:24,,,,,12,3,0.81,0
464,HOUSEKEEPING,ALTA,RESUELTO,Plancha solicitada,huesped_whatsapp,125,,2025-08-22T20:55:24,2025-08-22T22:25:24,2025-08-22T21:14:24,2025-08-22T21:52:24,,2025-08-23T01:49:24,14,6,0.65,0
465,HOUSEKEEPING,MEDIA,ACEPTADO,Plancha solicitada,recepcion,107,,2025-09-14T09:16:24,2025-09-14T12:16:24,2025-09-14T10:05:24,,,,17,5,0.96,0
466,HOUSEKEEPING,MEDIA,RESUELTO,Limpieza adicional,mantenimiento_app,130,,2025-08-09T09:00:24,2025-08-09T12:00:24,2025-08-09T09:31:24,2025-08-09T10:19:24,,2025-08-09T12:06:24,20,4,0.76,1
467,MANTENCION,ALTA,PENDIENTE,Fuga de agua en baño,recepcion,129,G129,2025-08-13T03:40:24,2025-08-13T07:40:24,,,,,,5,0.72,1
468,MANTENCION,BAJA,PAUSADO,Luz parpadea,recepcion,108,G108,2025-09-11T09:45:24,2025-09-12T09:45:24,2025-09-11T10:37:24,2025-09-11T11:30:24,2025-09-11T11:46:24,,16,4,0.95,0
469,HOUSEKEEPING,MEDIA,DERIVADO,Reponer amenities,mantenimiento_app,118,,2025-08-16T19:17:24,2025-08-16T22:17:24,,,,,11,5,0.92,0
470,MANTENCION,MEDIA,ACEPTADO,Sin aire acondicionado,housekeeping_whatsapp,117,G117,2025-07-24T16:24:24,2025-07-25T00:24:24,2025-07-24T17:13:24,,,,10,6,0.78,0
471,MANTENCION,BAJA,RESUELTO,Luz parpadea,recepcion,129,,2025-07-27T18:26:24,2025-07-28T18:26:24,2025-07-27T18:40:24,2025-07-27T19:21:24,,2025-07-27T21:44:24,7,3,0.91,1
472,HOUSEKEEPING,BAJA,PAUSADO,Toallas adicionales,mantenimiento_app,118,G118,2025-08-17T09:19:24,2025-08-17T15:19:24,2025-08-17T09:29:24,2025-08-17T10:06:24,2025-08-17T10:42:24,,20,6,0.81,0
473,ROOMSERVICE,ALTA,RESUELTO,Sopa caliente y pan,huesped_whatsapp,101,G101,2025-08-31T05:53:24,2025-08-31T06:23:24,2025-08-31T06:37:24,2025-08-31T07:04:24,,2025-08-31T10:09:24,21,3,0.88,0
474,ROOMSERVICE,URGENTE,PAUSADO,Postre: cheesecake y fruta,housekeeping_whatsapp,106,,2025-08-13T18:13:24,2025-08-13T18:33:24,2025-08-13T18:58:24,2025-08-13T19:05:24,2025-08-13T19:34:24,,12,4,0.87,0
475,HOUSEKEEPING,URGENTE,PAUSADO,Reposición de papel higiénico,mantenimiento_app,106,,2025-08-27T05:35:24,2025-08-27T06:20:24,2025-08-27T05:47:24,2025-08-27T06:04:24,2025-08-27T06:10:24,,11,4,0.89,0
476,HOUSEKEEPING,MEDIA,RESUELTO,Limpieza adicional,mantenimiento_app,135,,2025-08-28T06:19:24,2025-08-28T09:19:24,2025-08-28T06:50:24,2025-08-28T06:58:24,,2025-08-28T10:05:24,8,3,0.92,1
477,MANTENCION,BAJA,DERIVADO,Enchufe suelto,mantenimiento_app,135,G135,2025-09-09T02:24:24,2025-09-10T02:24:24,,,,,7,4,0.66,1
478,ROOMSERVICE,BAJA,RESUELTO,Pedido de hielo adicional,recepcion,116,,2025-07-30T05:57:24,2025-07-30T07:27:24,2025-07-30T06:47:24,2025-07-30T06:55:24,,2025-07-30T09:47:24,12,3,0.93,1
479,ROOMSERVICE,BAJA,PAUSADO,Desayuno a la habitación,recepcion,132,,2025-09-12T09:39:24,2025-09-12T11:09:24,2025-09-12T10:01:24,2025-09-12T10:33:24,2025-09-12T10:59:24,,9,4,0.93,0
480,ROOMSERVICE,MEDIA,PENDIENTE,Pedido de hielo adicional,huesped_whatsapp,121,,2025-08-06T18:36:24,2025-08-06T19:36:24,,,,,,3,0.85,0
481,MANTENCION,MEDIA,RESUELTO,TV no enciende,housekeeping_whatsapp,136,G136,2025-08-09T13:02:24,2025-08-09T21:02:24,2025-08-09T13:18:24,2025-08-09T14:13:24,,2025-08-09T19:51:24,10,3,0.86,0
482,MANTENCION,URGENTE,PENDIENTE,Sin aire acondicionado,huesped_whatsapp,106,,2025-09-10T09:49:24,2025-09-10T11:19:24,,,,,,5,0.79,0
483,HOUSEKEEPING,ALTA,ASIGNADO,Limpieza adicional,mantenimiento_app,127,G127,2025-08-03T06:06:24,2025-08-03T07:36:24,,,,,20,3,0.71,0
484,MANTENCION,ALTA,RESUELTO,Ruido en aire,mantenimiento_app,101,,2025-08-04T20:01:24,2025-08-05T00:01:24,2025-08-04T20:17:24,2025-08-04T21:01:24,,2025-08-05T00:21:24,19,3,0.94,0
485,ROOMSERVICE,BAJA,RESUELTO,Cena tardía: pasta y ensalada,housekeeping_whatsapp,104,G104,2025-07-31T22:46:24,2025-08-01T00:16:24,2025-07-31T23:07:24,2025-07-31T23:22:24,,2025-08-01T05:20:24,18,6,0.96,1
486,HOUSEKEEPING,MEDIA,EN_CURSO,Reposición de papel higiénico,mantenimiento_app,103,G103,2025-07-23T03:23:24,2025-07-23T06:23:24,2025-07-23T04:23:24,2025-07-23T04:29:24,,,11,4,0.81,1
487,MANTENCION,ALTA,PAUSADO,Ruido en aire,mantenimiento_app,113,,2025-08-17T00:16:24,2025-08-17T04:16:24,2025-08-17T00:33:24,2025-08-17T00:58:24,2025-08-17T01:17:24,,25,4,0.68,0
488,MANTENCION,MEDIA,ASIGNADO,Baño con poca presión de agua,mantenimiento_app,104,,2025-07-31T13:25:24,2025-07-31T21:25:24,,,,,19,4,0.8,0
489,MANTENCION,MEDIA,ASIGNADO,Ruido en aire,housekeeping_whatsapp,113,G113,2025-07-21T06:54:24,2025-07-21T14:54:24,,,,,13,3,0.7,0
490,HOUSEKEEPING,MEDIA,RESUELTO,Cambio de sábanas,housekeeping_whatsapp,139,G139,2025-09-14T10:31:24,2025-09-14T13:31:24,2025-09-14T11:16:24,2025-09-14T12:15:24,,2025-09-14T14:27:24,20,4,0.68,0
491,HOUSEKEEPING,URGENTE,ASIGNADO,Cuna para bebé,mantenimiento_app,118,G118,2025-08-26T08:01:24,2025-08-26T08:46:24,,,,,11,4,0.76,0
492,ROOMSERVICE,URGENTE,RESUELTO,Pedido de hamburguesa y papas,mantenimiento_app,103,G103,2025-08-30T04:57:24,2025-08-30T05:17:24,2025-08-30T05:40:24,2025-08-30T06:10:24,,2025-08-30T10:30:24,18,3,0.93,0
493,MANTENCION,MEDIA,ASIGNADO,Enchufe suelto,recepcion,127,,2025-07-30T10:42:24,2025-07-30T18:42:24,,,,,13,5,0.73,0
494,MANTENCION,MEDIA,ACEPTADO,Baño con poca presión de agua,recepcion,130,G130,2025-07-30T23:37:24,2025-07-31T07:37:24,2025-07-31T00:37:24,,,,10,6,0.95,0
495,ROOMSERVICE,ALTA,RESUELTO,Desayuno a la habitación,mantenimiento_app,122,,2025-08-14T08:42:24,2025-08-14T09:12:24,2025-08-14T09:36:24,2025-08-14T10:20:24,,2025-08-14T15:12:24,15,6,0.85,0
496,ROOMSERVICE,BAJA,RESUELTO,Pedido de hamburguesa y papas,housekeeping_whatsapp,104,G104,2025-08-20T15:26:24,2025-08-20T16:56:24,2025-08-20T15:38:24,2025-08-20T16:06:24,,2025-08-20T19:28:24,21,6,0.71,0
497,MANTENCION,MEDIA,RESUELTO,TV no enciende,housekeeping_whatsapp,116,,2025-09-15T10:38:24,2025-09-15T18:38:24,2025-09-15T11:36:24,2025-09-15T12:18:24,,2025-09-15T14:20:24,22,6,0.91,0
498,HOUSEKEEPING,MEDIA,ASIGNADO,Kit dental solicitado,housekeeping_whatsapp,104,G104,2025-08-18T18:57:24,2025-08-18T21:57:24,,,,,17,6,0.82,0
499,HOUSEKEEPING,ALTA,DERIVADO,Plancha solicitada,housekeeping_whatsapp,129,,2025-07-24T08:09:24,2025-07-24T09:39:24,,,,,17,4,0.68,0
500,MANTENCION,MEDIA,RESUELTO,Fuga de agua en baño,huesped_whatsapp,118,G118,2025-07-31T20:00:24,2025-08-01T04:00:24,2025-07-31T20:23:24,2025-07-31T21:01:24,,2025-08-01T02:37:24,10,6,0.66,0
501,ROOMSERVICE,MEDIA,PENDIENTE,Postre: cheesecake y fruta,mantenimiento_app,129,,2025-07-20T07:43:24,2025-07-20T08:43:24,,,,,,5,0.71,1
502,MANTENCION,ALTA,EN_CURSO,Ruido en aire,mantenimiento_app,138,G138,2025-09-15T04:07:24,2025-09-15T08:07:24,2025-09-15T04:54:24,2025-09-15T05:41:24,,,16,5,0.89,0
503,HOUSEKEEPING,MEDIA,EN_CURSO,Limpieza adicional,huesped_whatsapp,117,G117,2025-08-21T05:13:24,2025-08-21T08:13:24,2025-08-21T05:32:24,2025-08-21T05:59:24,,,8,5,0.75,0
504,ROOMSERVICE,URGENTE,DERIVADO,Café y té para dos,huesped_whatsapp,112,,2025-08-01T08:05:24,2025-08-01T08:25:24,,,,,12,4,0.69,0
505,ROOMSERVICE,BAJA,ASIGNADO,"Bebidas frías (2 aguas, 1 gaseosa)",huesped_whatsapp,136,,2025-08-16T05:10:24,2025-08-16T06:40:24,,,,,12,5,0.78,0
506,MANTENCION,MEDIA,PENDIENTE,Sin aire acondicionado,mantenimiento_app,132,,2025-08-29T01:24:24,2025-08-29T09:24:24,,,,,,5,0.7,0
507,ROOMSERVICE,URGENTE,ACEPTADO,Café y té para dos,mantenimiento_app,119,,2025-09-08T14:07:24,2025-09-08T14:27:24,2025-09-08T15:03:24,,,,21,4,0.96,0
508,ROOMSERVICE,BAJA,EN_CURSO,Pedido de hamburguesa y papas,huesped_whatsapp,136,G136,2025-07-20T14:58:24,2025-07-20T16:28:24,2025-07-20T15:22:24,2025-07-20T15:55:24,,,21,6,0.77,0
509,ROOMSERVICE,ALTA,PAUSADO,Cena tardía: pasta y ensalada,housekeeping_whatsapp,113,G113,2025-09-05T08:58:24,2025-09-05T09:28:24,2025-09-05T09:50:24,2025-09-05T10:00:24,2025-09-05T10:37:24,,24,6,0.78,0
510,ROOMSERVICE,ALTA,RESUELTO,Postre: cheesecake y fruta,mantenimiento_app,110,,2025-08-26T06:59:24,2025-08-26T07:29:24,2025-08-26T07:32:24,2025-08-26T07:37:24,,2025-08-26T10:17:24,18,5,0.77,0
511,HOUSEKEEPING,URGENTE,PENDIENTE,Cuna para bebé,mantenimiento_app,129,G129,2025-08-25T22:40:24,2025-08-25T23:25:24,,,,,,6,0.7,0
512,MANTENCION,BAJA,ACEPTADO,Enchufe suelto,housekeeping_whatsapp,105,,2025-09-10T03:09:24,2025-09-11T03:09:24,2025-09-10T03:19:24,,,,7,6,0.79,0
513,HOUSEKEEPING,BAJA,EN_CURSO,Batas de baño adicionales,huesped_whatsapp,113,G113,2025-08-22T02:47:24,2025-08-22T08:47:24,2025-08-22T03:28:24,2025-08-22T03:35:24,,,20,5,0.93,0
514,ROOMSERVICE,MEDIA,EN_CURSO,Sándwich club y jugo natural,huesped_whatsapp,102,,2025-08-01T09:16:24,2025-08-01T10:16:24,2025-08-01T10:06:24,2025-08-01T11:04:24,,,15,5,0.87,1
515,ROOMSERVICE,URGENTE,EN_CURSO,Sándwich club y jugo natural,huesped_whatsapp,102,G102,2025-08-12T14:23:24,2025-08-12T14:43:24,2025-08-12T15:11:24,2025-08-12T16:03:24,,,9,6,0.77,0
516,HOUSEKEEPING,URGENTE,PAUSADO,Cuna para bebé,recepcion,124,,2025-09-08T17:28:24,2025-09-08T18:13:24,2025-09-08T17:48:24,2025-09-08T18:30:24,2025-09-08T18:38:24,,14,3,0.7,0
517,ROOMSERVICE,BAJA,ASIGNADO,Café y té para dos,housekeeping_whatsapp,127,,2025-08-19T18:27:24,2025-08-19T19:57:24,,,,,15,3,0.75,0
518,MANTENCION,MEDIA,RESUELTO,TV no enciende,recepcion,139,,2025-09-05T20:33:24,2025-09-06T04:33:24,2025-09-05T21:03:24,2025-09-05T22:00:24,,2025-09-06T00:49:24,25,5,0.74,0
519,HOUSEKEEPING,BAJA,PAUSADO,Pedido de almohadas extra,recepcion,109,,2025-08-21T07:39:24,2025-08-21T13:39:24,2025-08-21T08:10:24,2025-08-21T08:25:24,2025-08-21T08:36:24,,17,6,0.72,0
520,MANTENCION,ALTA,EN_CURSO,Enchufe suelto,recepcion,127,G127,2025-07-25T07:41:24,2025-07-25T11:41:24,2025-07-25T07:59:24,2025-07-25T08:05:24,,,25,3,0.81,0
521,HOUSEKEEPING,BAJA,EN_CURSO,Batas de baño adicionales,housekeeping_whatsapp,112,,2025-07-20T23:37:24,2025-07-21T05:37:24,2025-07-20T23:55:24,2025-07-21T00:54:24,,,11,3,0.89,0
522,HOUSEKEEPING,BAJA,PENDIENTE,Reponer amenities,mantenimiento_app,108,G108,2025-08-31T10:40:24,2025-08-31T16:40:24,,,,,,6,0.66,1
523,ROOMSERVICE,MEDIA,PENDIENTE,Desayuno a la habitación,housekeeping_whatsapp,103,G103,2025-07-19T07:14:24,2025-07-19T08:14:24,,,,,,3,0.92,0
524,MANTENCION,MEDIA,ASIGNADO,Ruido en aire,recepcion,106,G106,2025-08-12T14:44:24,2025-08-12T22:44:24,,,,,13,5,0.7,0
525,ROOMSERVICE,ALTA,EN_CURSO,Desayuno a la habitación,recepcion,138,,2025-09-04T12:03:24,2025-09-04T12:33:24,2025-09-04T12:25:24,2025-09-04T12:48:24,,,24,4,0.71,0
526,MANTENCION,URGENTE,PENDIENTE,Luz parpadea,mantenimiento_app,124,,2025-08-04T05:12:24,2025-08-04T06:42:24,,,,,,6,0.88,1
527,HOUSEKEEPING,URGENTE,EN_CURSO,Plancha solicitada,huesped_whatsapp,127,G127,2025-08-15T23:21:24,2025-08-16T00:06:24,2025-08-15T23:38:24,2025-08-16T00:16:24,,,17,3,0.7,0
528,ROOMSERVICE,MEDIA,DERIVADO,Desayuno a la habitación,housekeeping_whatsapp,132,G132,2025-08-13T04:21:24,2025-08-13T05:21:24,,,,,21,6,0.9,0
529,HOUSEKEEPING,BAJA,EN_CURSO,Kit dental solicitado,huesped_whatsapp,105,,2025-08-30T15:55:24,2025-08-30T21:55:24,2025-08-30T16:05:24,2025-08-30T16:53:24,,,11,5,0.82,1
530,HOUSEKEEPING,MEDIA,DERIVADO,Reponer amenities,huesped_whatsapp,126,G126,2025-09-10T02:53:24,2025-09-10T05:53:24,,,,,23,3,0.96,0
531,MANTENCION,MEDIA,ASIGNADO,Luz parpadea,mantenimiento_app,108,G108,2025-08-26T00:34:24,2025-08-26T08:34:24,,,,,13,6,0.91,0
532,ROOMSERVICE,MEDIA,RESUELTO,Tabla de quesos con vino,housekeeping_whatsapp,131,,2025-08-24T04:19:24,2025-08-24T05:19:24,2025-08-24T04:46:24,2025-08-24T05:00:24,,2025-08-24T09:07:24,21,6,0.69,0
533,HOUSEKEEPING,BAJA,RESUELTO,Toallas adicionales,recepcion,104,,2025-09-01T16:59:24,2025-09-01T22:59:24,2025-09-01T17:33:24,2025-09-01T18:16:24,,2025-09-01T21:18:24,11,3,0.7,0
534,MANTENCION,ALTA,DERIVADO,Enchufe suelto,mantenimiento_app,130,G130,2025-09-01T16:28:24,2025-09-01T20:28:24,,,,,19,6,0.74,0
535,ROOMSERVICE,MEDIA,RESUELTO,Pedido de hamburguesa y papas,mantenimiento_app,108,G108,2025-08-15T23:57:24,2025-08-16T00:57:24,2025-08-16T00:36:24,2025-08-16T00:43:24,,2025-08-16T01:14:24,18,6,0.71,0
536,HOUSEKEEPING,URGENTE,ASIGNADO,Kit dental solicitado,huesped_whatsapp,120,,2025-08-31T17:39:24,2025-08-31T18:24:24,,,,,20,3,0.88,0
537,ROOMSERVICE,MEDIA,EN_CURSO,Sopa caliente y pan,huesped_whatsapp,133,G133,2025-08-11T08:11:24,2025-08-11T09:11:24,2025-08-11T08:45:24,2025-08-11T09:29:24,,,21,6,0.88,0
538,HOUSEKEEPING,MEDIA,PENDIENTE,Toallas adicionales,huesped_whatsapp,124,G124,2025-09-09T12:29:24,2025-09-09T15:29:24,,,,,,3,0.91,0
539,HOUSEKEEPING,BAJA,ACEPTADO,Reposición de papel higiénico,mantenimiento_app,123,G123,2025-08-09T14:19:24,2025-08-09T20:19:24,2025-08-09T15:10:24,,,,11,4,0.76,1
540,ROOMSERVICE,BAJA,ACEPTADO,Postre: cheesecake y fruta,huesped_whatsapp,102,,2025-07-21T18:27:24,2025-07-21T19:57:24,2025-07-21T19:04:24,,,,24,6,0.84,0
541,HOUSEKEEPING,BAJA,EN_CURSO,Toallas adicionales,housekeeping_whatsapp,125,,2025-08-16T17:08:24,2025-08-16T23:08:24,2025-08-16T17:24:24,2025-08-16T18:13:24,,,17,3,0.88,0
542,ROOMSERVICE,ALTA,DERIVADO,"Bebidas frías (2 aguas, 1 gaseosa)",housekeeping_whatsapp,124,,2025-08-05T17:32:24,2025-08-05T18:02:24,,,,,24,6,0.94,0
543,ROOMSERVICE,BAJA,ASIGNADO,Café y té para dos,mantenimiento_app,115,,2025-07-26T17:41:24,2025-07-26T19:11:24,,,,,21,3,0.76,1
544,ROOMSERVICE,MEDIA,ASIGNADO,Desayuno a la habitación,housekeeping_whatsapp,133,,2025-08-26T18:30:24,2025-08-26T19:30:24,,,,,12,5,0.79,0
545,ROOMSERVICE,MEDIA,RESUELTO,"Bebidas frías (2 aguas, 1 gaseosa)",recepcion,134,,2025-09-08T20:56:24,2025-09-08T21:56:24,2025-09-08T21:48:24,2025-09-08T22:45:24,,2025-09-09T02:59:24,12,6,0.74,0
546,ROOMSERVICE,URGENTE,RESUELTO,Pedido de hielo adicional,recepcion,134,G134,2025-08-29T11:07:24,2025-08-29T11:27:24,2025-08-29T11:26:24,2025-08-29T12:18:24,,2025-08-29T15:06:24,12,4,0.94,0
547,MANTENCION,ALTA,RESUELTO,Cerradura no responde,housekeeping_whatsapp,111,G111,2025-09-11T02:12:24,2025-09-11T06:12:24,2025-09-11T02:37:24,2025-09-11T02:49:24,,2025-09-11T04:20:24,16,4,0.72,0
548,HOUSEKEEPING,MEDIA,EN_CURSO,Kit dental solicitado,mantenimiento_app,103,G103,2025-08-12T04:32:24,2025-08-12T07:32:24,2025-08-12T04:58:24,2025-08-12T05:53:24,,,8,4,0.92,0
549,MANTENCION,ALTA,PENDIENTE,Baño con poca presión de agua,recepcion,104,,2025-07-26T00:08:24,2025-07-26T04:08:24,,,,,,5,0.85,0
550,HOUSEKEEPING,URGENTE,DERIVADO,Reponer amenities,mantenimiento_app,109,G109,2025-09-08T08:06:24,2025-09-08T08:51:24,,,,,20,3,0.88,0
551,ROOMSERVICE,MEDIA,RESUELTO,Cena tardía: pasta y ensalada,recepcion,121,G121,2025-09-09T13:16:24,2025-09-09T14:16:24,2025-09-09T14:13:24,2025-09-09T14:33:24,,2025-09-09T18:24:24,24,6,0.72,1
552,MANTENCION,URGENTE,EN_CURSO,Cerradura no responde,recepcion,132,,2025-07-28T15:34:24,2025-07-28T17:04:24,2025-07-28T16:11:24,2025-07-28T16:46:24,,,19,5,0.88,0
553,MANTENCION,MEDIA,DERIVADO,Cerradura no responde,recepcion,139,G139,2025-07-23T08:14:24,2025-07-23T16:14:24,,,,,13,4,0.84,0
554,ROOMSERVICE,MEDIA,RESUELTO,Desayuno a la habitación,huesped_whatsapp,129,G129,2025-08-23T03:16:24,2025-08-23T04:16:24,2025-08-23T03:31:24,2025-08-23T04:28:24,,2025-08-23T06:43:24,15,5,0.75,0
555,MANTENCION,URGENTE,PAUSADO,Wifi inestable,recepcion,118,,2025-09-01T02:55:24,2025-09-01T04:25:24,2025-09-01T03:31:24,2025-09-01T04:29:24,2025-09-01T04:55:24,,22,6,0.89,0
556,MANTENCION,ALTA,DERIVADO,Enchufe suelto,recepcion,123,G123,2025-09-06T05:19:24,2025-09-06T09:19:24,,,,,16,5,0.89,0
557,ROOMSERVICE,ALTA,PAUSADO,"Bebidas frías (2 aguas, 1 gaseosa)",recepcion,126,G126,2025-08-15T04:16:24,2025-08-15T04:46:24,2025-08-15T04:31:24,2025-08-15T04:43:24,2025-08-15T04:58:24,,21,5,0.73,0
558,ROOMSERVICE,ALTA,RESUELTO,Tabla de quesos con vino,housekeeping_whatsapp,129,G129,2025-07-30T12:27:24,2025-07-30T12:57:24,2025-07-30T13:20:24,2025-07-30T14:02:24,,2025-07-30T17:04:24,12,5,0.92,1
559,HOUSEKEEPING,MEDIA,EN_CURSO,Kit dental solicitado,huesped_whatsapp,102,,2025-09-07T04:55:24,2025-09-07T07:55:24,2025-09-07T05:34:24,2025-09-07T05:51:24,,,8,4,0.74,0
560,MANTENCION,MEDIA,EN_CURSO,Cerradura no responde,huesped_whatsapp,106,,2025-08-02T20:26:24,2025-08-03T04:26:24,2025-08-02T21:21:24,2025-08-02T21:59:24,,,7,3,0.8,0
561,HOUSEKEEPING,ALTA,EN_CURSO,Cambio de sábanas,huesped_whatsapp,113,,2025-08-11T14:19:24,2025-08-11T15:49:24,2025-08-11T15:00:24,2025-08-11T15:29:24,,,23,5,0.69,0
562,ROOMSERVICE,BAJA,RESUELTO,Cena tardía: pasta y ensalada,mantenimiento_app,112,G112,2025-07-31T15:37:24,2025-07-31T17:07:24,2025-07-31T16:03:24,2025-07-31T16:23:24,,2025-07-31T21:54:24,15,3,0.8,0
563,ROOMSERVICE,ALTA,EN_CURSO,Pedido de hamburguesa y papas,mantenimiento_app,109,,2025-08-23T13:16:24,2025-08-23T13:46:24,2025-08-23T13:50:24,2025-08-23T14:40:24,,,24,4,0.79,0
564,MANTENCION,BAJA,PENDIENTE,Ruido en aire,huesped_whatsapp,131,,2025-09-11T13:26:24,2025-09-12T13:26:24,,,,,,3,0.65,0
565,HOUSEKEEPING,MEDIA,EN_CURSO,Reposición de papel higiénico,huesped_whatsapp,136,G136,2025-08-03T16:38:24,2025-08-03T19:38:24,2025-08-03T17:20:24,2025-08-03T17:56:24,,,11,5,0.97,0
566,MANTENCION,BAJA,DERIVADO,Wifi inestable,huesped_whatsapp,117,G117,2025-07-22T09:16:24,2025-07-23T09:16:24,,,,,16,4,0.95,0
567,ROOMSERVICE,MEDIA,EN_CURSO,Café y té para dos,housekeeping_whatsapp,134,G134,2025-08-02T09:12:24,2025-08-02T10:12:24,2025-08-02T09:53:24,2025-08-02T10:46:24,,,24,5,0.97,0
568,ROOMSERVICE,ALTA,EN_CURSO,Cena tardía: pasta y ensalada,huesped_whatsapp,104,G104,2025-07-21T15:08:24,2025-07-21T15:38:24,2025-07-21T15:28:24,2025-07-21T16:18:24,,,15,6,0.81,1
569,HOUSEKEEPING,BAJA,ACEPTADO,Plancha solicitada,mantenimiento_app,130,G130,2025-07-31T20:13:24,2025-08-01T02:13:24,2025-07-31T20:28:24,,,,14,3,0.72,0
570,MANTENCION,ALTA,RESUELTO,Ventana no cierra bien,huesped_whatsapp,138,,2025-07-18T17:48:24,2025-07-18T21:48:24,2025-07-18T18:02:24,2025-07-18T18:22:24,,2025-07-18T22:52:24,16,4,0.88,0
571,MANTENCION,MEDIA,CANCELADO,Fuga de agua en baño,mantenimiento_app,124,,2025-07-28T00:30:24,2025-07-28T08:30:24,,,,,,5,0.7,1
572,ROOMSERVICE,ALTA,EN_CURSO,Café y té para dos,recepcion,122,,2025-09-16T02:13:24,2025-09-16T02:43:24,2025-09-16T03:09:24,2025-09-16T04:00:24,,,15,6,0.96,0
573,MANTENCION,BAJA,PENDIENTE,Cerradura no responde,housekeeping_whatsapp,104,,2025-09-06T04:04:24,2025-09-07T04:04:24,,,,,,6,0.68,0
574,MANTENCION,URGENTE,RESUELTO,Fuga de agua en baño,recepcion,114,G114,2025-08-23T23:50:24,2025-08-24T01:20:24,2025-08-24T00:48:24,2025-08-24T01:34:24,,2025-08-24T03:07:24,22,5,0.69,0
575,HOUSEKEEPING,ALTA,RESUELTO,Batas de baño adicionales,huesped_whatsapp,123,,2025-08-20T19:31:24,2025-08-20T21:01:24,2025-08-20T20:09:24,2025-08-20T20:38:24,,2025-08-21T00:56:24,17,4,0.74,0
576,MANTENCION,ALTA,RESUELTO,Ventana no cierra bien,huesped_whatsapp,128,,2025-07-26T19:50:24,2025-07-26T23:50:24,2025-07-26T20:21:24,2025-07-26T20:55:24,,2025-07-26T23:04:24,19,3,0.87,0
577,HOUSEKEEPING,MEDIA,PAUSADO,Reponer amenities,housekeeping_whatsapp,130,G130,2025-08-30T20:09:24,2025-08-30T23:09:24,2025-08-30T20:27:24,2025-08-30T21:15:24,2025-08-30T21:39:24,,11,5,0.94,0
578,HOUSEKEEPING,MEDIA,EN_CURSO,Toallas adicionales,recepcion,133,G133,2025-07-26T23:12:24,2025-07-27T02:12:24,2025-07-27T00:08:24,2025-07-27T00:49:24,,,23,6,0.93,0
579,ROOMSERVICE,BAJA,EN_CURSO,Desayuno a la habitación,mantenimiento_app,112,,2025-08-23T03:13:24,2025-08-23T04:43:24,2025-08-23T03:49:24,2025-08-23T04:39:24,,,9,3,0.75,0
580,HOUSEKEEPING,ALTA,EN_CURSO,Limpieza adicional,housekeeping_whatsapp,112,G112,2025-07-25T11:40:24,2025-07-25T13:10:24,2025-07-25T11:56:24,2025-07-25T12:28:24,,,23,5,0.83,1
581,MANTENCION,BAJA,DERIVADO,Baño con poca presión de agua,mantenimiento_app,139,,2025-08-14T22:16:24,2025-08-15T22:16:24,,,,,22,5,0.88,0
582,HOUSEKEEPING,ALTA,PENDIENTE,Pedido de almohadas extra,recepcion,113,G113,2025-07-19T19:30:24,2025-07-19T21:00:24,,,,,,4,0.94,0
583,ROOMSERVICE,BAJA,ASIGNADO,Sopa caliente y pan,huesped_whatsapp,106,G106,2025-08-29T13:10:24,2025-08-29T14:40:24,,,,,18,4,0.79,1
584,MANTENCION,ALTA,EN_CURSO,Baño con poca presión de agua,mantenimiento_app,102,,2025-09-09T15:14:24,2025-09-09T19:14:24,2025-09-09T15:42:24,2025-09-09T16:23:24,,,10,4,0.93,0
585,HOUSEKEEPING,BAJA,PAUSADO,Kit dental solicitado,mantenimiento_app,132,,2025-09-10T14:25:24,2025-09-10T20:25:24,2025-09-10T15:06:24,2025-09-10T15:36:24,2025-09-10T16:12:24,,8,5,0.82,0
